iteration,max_fitness,evaluation_time
0,249.25659,22.560786654000367
1,443.84634,1.06437336900035
2,463.4191,1.0600008979999984
3,687.38605,1.0740650699999605
4,565.83685,1.0576867589998074
5,715.75165,1.0648173090003183
6,696.86505,1.0734230090001802
7,762.747,1.0647915930003364
8,754.4217,1.0718735299997206
9,773.1197,1.075820695999937
10,761.19965,1.071767594999983
11,754.44977,1.0650638619999881
12,777.85516,1.070988970000144
13,809.24036,1.0629741529992316
14,756.10547,1.0597269700001561
15,822.9998,1.0647382349998225
16,818.7399,1.0764337649998197
17,841.6987,1.0777658179995342
18,816.13837,1.071046873999876
19,848.20264,1.072193216999949
20,843.7795,1.0675880980006696
21,845.73694,1.0653215060001457
22,865.44727,1.0709174560006431
23,869.19794,1.0725262989999464
24,877.9145,1.0770807400003832
25,860.5639,1.076631477999399
26,853.8955,1.0731358999992153
27,861.634,1.0712332020002577
28,847.5727,1.078772728000331
29,867.68536,1.0576954050002314
30,873.21484,1.057763024000451
31,902.26215,1.0728220019991568
32,909.446,1.0641845870004545
33,942.5748,1.0774159919992599
34,971.3336,1.0740556040000229
35,975.51465,1.068327588000102
36,941.8753,1.0692133239999748
37,948.14514,1.0705174289996648
38,970.1126,1.0711189550002018
39,984.6012,1.0748314060001576
40,980.93146,1.078335020999475
41,980.1043,1.0767650739999226
42,979.1274,1.0700003000001743
43,981.7297,1.0791532610001013
44,985.01776,1.0693791129997408
45,988.64404,1.0739274679999653
46,982.34,1.0715119080005024
47,982.23285,1.0740329149994068
48,982.1243,1.070855703000234
49,986.67737,1.0759320399993157
50,985.06445,1.0683267240001442
51,990.34814,1.0591162909995546
52,984.6046,1.0667917199998556
53,983.80316,1.0598651439995592
54,985.21893,1.0665763320002952
55,981.49457,1.0694994860004954
56,987.3582,1.053292995999982
57,979.966,1.0526844619998883
58,986.5797,1.053344470000411
59,986.2145,1.0643329450003876
60,984.2492,1.0797728099996675
61,984.81085,1.078810730999976
62,1011.56946,1.0626037270003508
63,993.0555,1.0747665899998537
64,1011.9201,1.0742943670002205
65,988.70197,1.0642420149997633
66,998.6002,1.0611535920006645
67,989.9279,1.0692917970000053
68,1001.1452,1.078252670999973
69,994.28876,1.0751797759994588
70,998.92914,1.080118887000026
71,1002.1302,1.0759064610001587
72,1012.1951,1.073289773000397
73,993.71625,1.0778004289995806
74,993.66797,1.0700004529999205
75,983.77344,1.071953626999857
76,1002.48114,1.0756914740004504
77,1007.33905,1.0731836340000882
78,993.4209,1.0684473569999682
79,995.9135,1.0660922090000895
80,1005.4795,1.0781080879996807
81,1006.54004,1.0823345039998458
82,998.1748,1.0741199140002209
83,996.72217,1.0787570660004349
84,1008.86957,1.064243909000652
85,1001.3668,1.0627769559996523
86,1008.34766,1.059853677999854
87,997.6796,1.0687121370001478
88,1017.12494,1.0657364590006182
89,1005.1889,1.0699998180007242
90,1008.1215,1.0672033439996085
91,1017.2836,1.0666784280001593
92,1002.16547,1.0717685250001523
93,1003.14905,1.075908711000011
94,1010.4211,1.0752985420003824
95,1013.19745,1.0800944679995155
96,1108.7412,1.0529585670001325
97,1087.142,1.0575558210002782
98,1078.0665,1.0709751000003962
99,1083.7297,1.0648906679998618
100,1118.026,1.0802160419998472
101,1113.6306,1.0786751639998329
102,1148.3334,1.0788349800004653
103,1091.036,1.0769041770008698
104,1101.0143,1.0784575480001877
105,1118.4338,1.0839383069996984
106,1131.323,1.074678051999399
107,1114.7197,1.0700206689998595
108,1094.0082,1.0741077009997753
109,1123.2155,1.0674900649992196
110,1104.2592,1.0586670860002414
111,1126.7914,1.0375667810003506
112,1080.7445,1.0491556159995525
113,1151.459,1.0605819859993062
114,1091.0627,1.0649230560002252
115,1134.0388,1.0624631350001437
116,1120.4791,1.0673622119993524
117,1125.1246,1.0579551710006854
118,1115.5825,1.077587322999534
119,1090.1991,1.0667249540001649
120,1113.8923,1.0618136459997913
121,1151.0939,1.0692517560000852
122,1104.6093,1.070379953000156
123,1143.8903,1.0713346900001852
124,1099.3977,1.0676737710000452
125,1094.7136,1.068537682999704
126,1126.3802,1.064676592000069
127,1148.5961,1.0763907489999838
128,1141.2092,1.0815505159998793
129,1122.6055,1.0801544860005379
130,1151.2562,1.0772115850004411
131,1152.7336,1.0652044139997088
132,1130.7451,1.0765064139995957
133,1096.783,1.0798962559993015
134,1140.512,1.0737213819993485
135,1123.8102,1.0779024160001427
136,1148.9193,1.0813259959995776
137,1135.6643,1.0779301920001672
138,1152.2975,1.0758681099996465
139,1127.561,1.072376778999569
140,1117.9274,1.0613258849998601
141,1121.678,1.083763669000291
142,1123.5404,1.0651623489993653
143,1129.8466,1.06096711400005
144,1133.1107,1.0723683070000334
145,1123.0288,1.0758392199995797
146,1106.0035,1.0731324039998071
147,1113.5162,1.0773127790007493
148,1125.0537,1.0733132860004844
149,1120.6001,1.0724059609992764
150,1113.1509,1.0753146360002575
151,1111.608,1.069602756000677
152,1127.8301,1.0735691640002187
153,1121.5051,1.0669223189997865
154,1121.87,1.0696936989997994
155,1134.8514,1.0763060280005448
156,1130.6755,1.0824894069992297
157,1145.5345,1.0848099409995484
158,1104.6337,1.0722484770003575
159,1147.914,1.0889613599993027
160,1112.9998,1.0835948939993614
161,1123.7068,1.0771838090004167
162,1165.4559,1.0778967730002478
163,1091.6427,1.073187113000131
164,1128.5605,1.075954025000101
165,1121.5345,1.0728325759992003
166,1092.6277,1.0638823879999109
167,1096.2822,1.0671770879998803
168,1152.9662,1.071812332999798
169,1103.2567,1.0712261629996647
170,1122.3915,1.0682729939999263
171,1106.8014,1.0627524339997763
172,1124.5764,1.0727297729999918
173,1122.4507,1.0656750550006109
174,1107.8173,1.0639438609996432
175,1118.3075,1.0711040249998405
176,1138.5709,1.068752322000364
177,1119.5634,1.082439560000239
178,1128.3959,1.0574864089994662
179,1142.2087,1.0626946439997482
180,1148.1042,1.0742200309996406
181,1088.5848,1.081505919000847
182,1129.2943,1.0823814360001052
183,1092.9764,1.0812258539999675
184,1121.6149,1.076189864999833
185,1107.1215,1.078613574000883
186,1133.8307,1.0801234950004073
187,1122.1864,1.0840258939997511
188,1135.2957,1.0806949189991428
189,1112.5197,1.0812616189996334
190,1126.0406,1.084170799000276
191,1118.7899,1.0841106120005861
192,1107.1422,1.0682594049994805
193,1098.3623,1.0630883019994144
194,1115.9261,1.0619235650001428
195,1135.6472,1.0675461569999243
196,1109.9443,1.0728023550000216
197,1126.8116,1.0732749210001202
198,1144.3918,1.0750990449996607
199,1084.1688,1.0763145359996997
200,1143.3293,1.0790247120003187
201,1107.9188,1.0780296590000944
202,1129.375,1.0764747610000995
203,1138.4213,1.074317544999758
204,1078.6162,1.0840217549994122
205,1131.4465,1.0812787110007775
206,1138.5293,1.0633679970005687
207,1137.1,1.0778831849993367
208,1110.989,1.0641071250001914
209,1076.7319,1.0767611160008528
210,1107.6089,1.075400703000014
211,1111.4086,1.074023152999871
212,1124.7992,1.081039917000453
213,1093.637,1.0835238319996279
214,1143.2554,1.0765409360001286
215,1133.4948,1.076893834000657
216,1130.488,1.0756162729994685
217,1095.9072,1.0747075509998467
218,1116.496,1.0749904120002611
219,1138.0747,1.0712978749998001
220,1113.2129,1.0629621970001608
221,1103.0575,1.0590195550003045
222,1112.4784,1.0606686320006702
223,1102.1666,1.0700344719998611
224,1161.1327,1.0649987099995997
225,1114.732,1.0585804920001465
226,1117.766,1.0695551550006712
227,1092.194,1.0763122239995937
228,1112.7968,1.0795928130000902
229,1119.8854,1.067207013999905
230,1091.0092,1.0773199609993753
231,1107.9701,1.0793632570002956
232,1157.2383,1.0812270650003484
233,1123.952,1.0683887369996228
234,1119.4108,1.0586413820001326
235,1116.6942,1.0586516200000915
236,1106.1688,1.0801930449997599
237,1179.8845,1.076048353999795
238,1121.8544,1.0797482419993685
239,1126.8213,1.0824043719994734
240,1095.7548,1.077123388000473
241,1078.7059,1.0818905109999832
242,1143.7539,1.0772185020005054
243,1099.3107,1.0681490079996365
244,1145.2463,1.0768288630006282
245,1086.6176,1.0723800229998233
246,1095.4945,1.073394928000198
247,1112.2832,1.0629668550000133
248,1079.1929,1.0660757290006586
249,1077.6523,1.072415091000039
250,1078.0834,1.074186407000525
251,1083.9926,1.0758295200002976
252,1078.6633,1.080246726999576
253,1075.057,1.0794800609992308
254,1081.4578,1.080743734999487
255,1077.6147,1.0740614419992198
256,1075.808,1.0714754020000328
257,1090.301,1.065209669000069
258,1077.2474,1.0681882019998739
259,1077.4154,1.0724644609999814
260,1072.3174,1.0678908190002403
261,1077.8826,1.0718710410001222
262,1078.5504,1.0701050759998907
263,1080.1672,1.0653125640001235
264,1082.1643,1.0620874030000778
265,1073.3973,1.0743876329997875
266,1080.0585,1.0737737010003912
267,1079.5588,1.0835561110006893
268,1075.848,1.0764537679997375
269,1075.6923,1.0701132130006954
270,1077.2363,1.0760770769993542
271,1071.0712,1.0764929410006516
272,1075.4381,1.069003960000373
273,1076.2328,1.0617177929998434
274,1070.8241,1.07343766699978
275,1073.9932,1.0643233609998788
276,1076.4159,1.0640566700003546
277,1075.7772,1.0797488930002146
278,1082.1139,1.0731295849991511
279,1075.3192,1.0809114570001839
280,1078.3103,1.069537157999548
281,1074.4606,1.053416863000166
282,1074.641,1.0561222349997479
283,1073.4525,1.0621386950006126
284,1084.776,1.058172170999569
285,1070.962,1.0591026170004625
286,1073.6469,1.0591265390003173
287,1082.361,1.0534529639999164
288,1074.7574,1.0710848389999228
289,1076.3546,1.0673099189998538
290,1082.7079,1.054642053999487
291,1078.5865,1.0646197509995545
292,1074.0696,1.0563483220003036
293,1085.5486,1.0772837739996248
294,1077.579,1.067647814999873
295,1073.4668,1.0823314610006491
296,1079.6719,1.079638530000011
297,1079.5795,1.0790438329995595
298,1086.4254,1.082587992000299
299,1083.4,1.0781522709994533
300,1077.0956,1.0635618850001265
301,1079.3387,1.0729947519994312
302,1076.1946,1.0714836429997376
303,1077.4906,1.0694954150003468
304,1096.803,1.0724839860004067
305,1079.7191,1.0706776649994936
306,1075.9088,1.0762078799998562
307,1080.9622,1.070291035000082
308,1078.3867,1.077329058000032
309,1094.1797,1.0726270549994297
310,1088.4843,1.075824513999578
311,1087.7505,1.0725944249998065
312,1081.7534,1.0766231710003922
313,1076.8904,1.0661411800001588
314,1081.0334,1.080184814999484
315,1089.8441,1.0706407540001237
316,1074.9517,1.0689553319998595
317,1077.3442,1.0748851139996987
318,1083.2676,1.069001113000013
319,1079.3739,1.0814614210003128
320,1081.2611,1.078004716000578
321,1075.1361,1.0848030540000764
322,1091.2423,1.0779935629998363
323,1076.5319,1.0810160639994137
324,1085.6552,1.0790134519993444
325,1090.0953,1.0792022139994515
326,1079.454,1.076999075000458
327,1084.3212,1.0670126579998396
328,1075.7114,1.0689235990002999
329,1082.1283,1.0659767189999911
330,1083.1943,1.0743368120001833
331,1084.3851,1.0729282719994444
332,1085.6823,1.074155577000056
333,1084.1438,1.0726783800000703
334,1081.5348,1.072437147000528
335,1078.0934,1.0679083390004962
336,1082.6526,1.0659433770006217
337,1081.283,1.0743636919996788
338,1075.12,1.0735960040001373
339,1086.3293,1.074781379000342
340,1082.9875,1.0666919159993995
341,1093.583,1.0689521249996687
342,1083.5826,1.0724003360001007
343,1082.8312,1.0771108839999215
344,1079.8936,1.0726529129997289
345,1083.2152,1.075045057999887
346,1082.0952,1.073156251999535
347,1083.5039,1.073904574000153
348,1080.3945,1.077936769000189
349,1086.3038,1.0704079600000114
350,1082.999,1.080907135000416
351,1080.2079,1.071428176000154
352,1090.1285,1.0814147229993978
353,1086.8004,1.0703474580004695
354,1086.3804,1.0807554299999538
355,1092.0278,1.0758653379998577
356,1081.9441,1.0706093520002469
357,1093.0553,1.0789275759998418
358,1089.6274,1.063202727999851
359,1080.74,1.0768050489996313
360,1086.9215,1.0799011379995136
361,1084.8434,1.0773570010005642
362,1086.79,1.079019232999599
363,1089.1844,1.0670412559993565
364,1081.0276,1.064864875999774
365,1083.3862,1.075008171999798
366,1085.4384,1.0732818989999942
367,1081.2977,1.070738983999945
368,1080.3164,1.060116298000139
369,1078.6582,1.0733719760000895
370,1087.1605,1.0757009229992036
371,1080.7537,1.077122581000367
372,1090.3538,1.0740179750000607
373,1084.5715,1.0833522519997132
374,1075.0371,1.0746851949998018
375,1080.9713,1.0732749310000145
376,1092.3438,1.0733872049995625
377,1085.781,1.073230374000559
378,1085.7938,1.0775580310000805
379,1078.3815,1.0768119650001609
380,1082.4124,1.0690655240005071
381,1082.5243,1.0489636550000796
382,1098.8549,1.0564627960002326
383,1082.473,1.0634559540003465
384,1098.5482,1.0595230560002165
385,1078.817,1.0668707169998015
386,1079.8949,1.0759268430001612
387,1083.9872,1.071555654999429
388,1087.8121,1.0773924639997858
389,1081.4027,1.0610178270007964
390,1096.7505,1.059064832000331
391,1100.2567,1.0705773110003065
392,1107.4056,1.0670116689998395
393,1083.6312,1.068343021000146
394,1080.3439,1.070952385000055
395,1093.6942,1.084848145000251
396,1088.0721,1.0770226980002917
397,1099.4967,1.0877154899999368
398,1083.4305,1.0744020599995565
399,1101.8612,1.0745375220003552
400,1098.2668,1.0746873110001616
401,1092.0989,1.0722301720006726
402,1095.0177,1.0744125849996635
403,1091.1548,1.073350873999516
404,1090.7825,1.0803150580004512
405,1096.6575,1.079016939000212
406,1092.7667,1.0773920870005895
407,1102.6174,1.0633521560002919
408,1096.1465,1.054740337000112
409,1100.0928,1.077635177999582
410,1095.8572,1.079419734000112
411,1097.2833,1.07516804900024
412,1097.9135,1.0671500930002367
413,1097.5907,1.0845481330006805
414,1089.9779,1.0633678899994266
415,1097.6768,1.0641181239998332
416,1102.2507,1.067213272999652
417,1106.0013,1.0743576509994455
418,1097.6796,1.0686052040000504
419,1088.7142,1.0744533120005144
420,1096.9205,1.0684990320005454
421,1093.997,1.081833937000738
422,1091.1799,1.068878566999956
423,1096.8517,1.076353919000212
424,1097.957,1.0927612119994592
425,1096.8356,1.0771211370001765
426,1098.3995,1.0846238270005415
427,1100.3798,1.0789804700007153
428,1099.8582,1.0844912419997854
429,1093.1093,1.0792024390002553
430,1096.8069,1.0794466580000517
431,1098.3822,1.0823605410005257
432,1103.8099,1.0811436550002327
433,1099.3798,1.0827745699998559
434,1100.3983,1.0913090570002169
435,1095.5461,1.083641271000488
436,1104.2313,1.0703840480000508
437,1103.8724,1.0777455160005047
438,1103.46,1.0688903749996825
439,1106.5394,1.077237494999281
440,1099.7838,1.0765976259999661
441,1092.6262,1.076703789000021
442,1107.1107,1.0724871610000264
443,1097.7203,1.0584073879999778
444,1104.458,1.0664432020003005
445,1097.3694,1.0774868640000932
446,1104.8177,1.0731777049995799
447,1098.8466,1.0685571789999813
448,1102.1373,1.0769892609996532
449,1103.6012,1.0758458159998554
450,1106.147,1.0800971660000869
451,1101.1426,1.0786144479998256
452,1108.3016,1.079748937999284
453,1096.3988,1.0805088070001148
454,1111.2909,1.0796659019997605
455,1098.0215,1.0847511869997106
456,1101.7502,1.0741774260004604
457,1112.101,1.077129098000114
458,1102.993,1.0751847759993325
459,1107.5144,1.0790287690006153
460,1100.8955,1.0665872959998524
461,1107.4491,1.0601897299993652
462,1110.8368,1.0632324070002142
463,1103.9215,1.0695042859997557
464,1103.2662,1.071214778000467
465,1106.9346,1.0704130670001177
466,1104.2689,1.075574446000246
467,1101.4912,1.073913360000006
468,1100.7584,1.0759715940002934
469,1099.451,1.0794891129999087
470,1104.431,1.0765234769996823
471,1109.0009,1.0809334260002288
472,1106.3811,1.0708293549996597
473,1101.7289,1.0878873529991324
474,1103.2213,1.0824554199998602
475,1113.304,1.0762106330003007
476,1108.5902,1.070532347000153
477,1101.0385,1.0786627489997045
478,1111.4417,1.070830749000379
479,1113.7034,1.0837753499999963
480,1104.8082,1.0707927349994861
481,1102.3507,1.0694234759994288
482,1114.0322,1.0744686520001778
483,1111.9395,1.0739847229997395
484,1106.2053,1.0809893880004893
485,1104.2479,1.0789894190002087
486,1114.5106,1.0792219590002787
487,1110.4297,1.0501139090001743
488,1115.5223,1.0653139209998699
489,1104.5997,1.0726162979999572
490,1098.7336,1.0754318810004406
491,1102.6892,1.0740508700000646
492,1102.8597,1.0812718679999307
493,1097.3485,1.0660389670001678
494,1106.0869,1.0727221199995256
495,1111.6729,1.0570258710004055
496,1113.4941,1.0605350859996179
497,1109.3143,1.0554179470000236
498,1115.555,1.0470170879998477
499,1114.2861,1.0558789110000362
500,1109.8065,1.064434730999892
501,1106.6107,1.0798699200004194
502,1109.6781,1.0735168559995145
503,1104.9691,1.0594787069994709
504,1105.0111,1.0687026609994064
505,1110.942,1.0784876280004028
506,1107.5696,1.0791749609998078
507,1116.7113,1.0766606690003755
508,1102.0961,1.0824529000001348
509,1108.0176,1.080061449000823
510,1110.3329,1.0771431960001792
511,1103.3131,1.0797722359993713
512,1105.6738,1.075239832999614
513,1105.2003,1.076624754000477
514,1103.1932,1.0758352990005733
515,1103.0542,1.0737633709995862
516,1106.8379,1.0657158049998543
517,1105.0691,1.0669964139997319
518,1111.5542,1.0548326489997635
519,1110.2621,1.0804279789999782
520,1111.7227,1.0741287699993336
521,1111.3613,1.0616565930004072
522,1106.8279,1.0562098959999275
523,1099.5865,1.0712097060004453
524,1105.0858,1.0759503720000794
525,1101.6692,1.0728405910003858
526,1103.5818,1.0763102319997415
527,1106.7587,1.0656148550006037
528,1098.7533,1.0583437350005624
529,1108.2499,1.0772539379995578
530,1105.4496,1.0664482859992859
531,1103.7045,1.0652385879993744
532,1110.4613,1.0612684449997687
533,1106.0209,1.0662447029999385
534,1102.8584,1.0788681519998136
535,1107.2972,1.0868503669998972
536,1116.2657,1.0924023269999452
537,1106.1796,1.0909289530000024
538,1107.4639,1.0800421650001226
539,1103.6864,1.0832123510008387
540,1102.9462,1.079691824999827
541,1101.0189,1.0660675620001712
542,1109.2906,1.0813961540006858
543,1114.3842,1.0810088620000897
544,1110.496,1.07361124199997
545,1109.2079,1.067338660999667
546,1102.902,1.0755414800005383
547,1105.3495,1.0748226279993105
548,1114.0123,1.075258259000293
549,1108.1829,1.082207092000317
550,1113.3063,1.0720515520006302
551,1113.309,1.0738820380001926
552,1111.0073,1.070699240999602
553,1149.5837,1.0703961890003484
554,1144.993,1.0688772150006116
555,1103.3567,1.0745696590001899
556,1105.8635,1.0734600810001211
557,1139.0491,1.0769969539996964
558,1105.8357,1.0738483920004
559,1146.1986,1.0731035710005017
560,1130.9893,1.0765134990006118
561,1168.0331,1.078151314999559
562,1143.6501,1.0766235339997365
563,1130.3383,1.0753794470001594
564,1110.8047,1.0791947620000428
565,1146.9044,1.0798314530002244
566,1116.514,1.075612359999468
567,1120.4609,1.0606226339996283
568,1124.3848,1.0738393859992357
569,1183.5951,1.0782949929998722
570,1121.8583,1.0695943649998298
571,1130.1625,1.0781407300000865
572,1137.4291,1.0722577480000837
573,1154.3578,1.0732859480003754
574,1189.8026,1.0792600369995853
575,1143.2913,1.0815821960004541
576,1177.2142,1.0782117540002218
577,1159.5446,1.0760857250006666
578,1124.3848,1.079872945999341
579,1148.0625,1.0662707139999839
580,1175.0002,1.0764254609994168
581,1125.7822,1.084604429999672
582,1154.8129,1.0798185989997364
583,1133.1329,1.0715479130003587
584,1137.204,1.0809236329996565
585,1129.0155,1.0838165959994512
586,1162.5223,1.0763326559999769
587,1139.6896,1.0804208370000197
588,1125.8793,1.0810424139999668
589,1128.6017,1.07745324500047
590,1144.933,1.0773130679999667
591,1108.3756,1.0858129039997948
592,1157.851,1.0797084850000829
593,1191.9735,1.079387787000087
594,1129.7891,1.0656702329997643
595,1154.0214,1.0730053009992844
596,1149.2367,1.0712832910003272
597,1119.3031,1.0794799270006479
598,1194.3179,1.081894216999899
599,1166.6901,1.0827500329996838
600,1134.4368,1.0845977930002846
601,1142.4696,1.0697970380006154
602,1132.0962,1.0759096410001803
603,1163.5879,1.071189434000189
604,1159.4315,1.0646218840001893
605,1145.2601,1.078499326000383
606,1202.7034,1.0680677210002614
607,1130.3441,1.0658654449998721
608,1169.3895,1.061122403999434
609,1194.1813,1.0622818190004182
610,1174.5852,1.0572363280007266
611,1169.5905,1.0567392700004348
612,1150.4752,1.0620917669994014
613,1154.9368,1.0628423750004004
614,1133.2103,1.0603403759996581
615,1141.7178,1.0770730710000862
616,1140.5367,1.0788357699993867
617,1169.0709,1.0787259850003466
618,1153.2712,1.0561693900008322
619,1139.419,1.0565368869993108
620,1162.0594,1.0629019269999844
621,1170.8254,1.088592069000697
622,1157.778,1.0668174430002182
623,1152.3434,1.0643552760002422
624,1130.2782,1.0820504399998754
625,1164.0638,1.075311585000236
626,1164.0944,1.0745910319992618
627,1187.3704,1.0767535619997943
628,1176.8779,1.070860848999473
629,1138.1904,1.0699997180008722
630,1158.6742,1.0663168410001163
631,1166.0719,1.0670038019998174
632,1171.3558,1.072800933000508
633,1148.4902,1.076594235999437
634,1154.6553,1.065970951000054
635,1127.7305,1.064611841000442
636,1142.5621,1.0781073580001248
637,1140.832,1.0697024030005196
638,1129.7231,1.06135094199999
639,1109.2659,1.0545437820001098
640,1178.6357,1.0656761720001668
641,1151.7299,1.0648709010001767
642,1109.8499,1.0608547910005655
643,1130.7913,1.0686656490006499
644,1136.6622,1.070472485999744
645,1187.756,1.0617441829999734
646,1164.8125,1.0530950080001276
647,1103.1602,1.062727580999308
648,1107.0155,1.0898763440000039
649,1108.3085,1.0673877310000535
650,1103.9706,1.0678928150000502
651,1102.1263,1.0636630500002866
652,1118.1493,1.0653782939998564
653,1109.9028,1.0675742459998219
654,1111.567,1.0644652490000226
655,1105.8564,1.0632990210006028
656,1111.0173,1.0669678790000034
657,1112.9199,1.0602263999999195
658,1111.4546,1.072571759999846
659,1110.6996,1.0641092390005724
660,1104.3885,1.0726926930001355
661,1112.0028,1.065674000999934
662,1108.5189,1.0791648439999335
663,1113.7246,1.0846836110004006
664,1104.9987,1.0828089690003253
665,1102.5178,1.0791392380006073
666,1105.8671,1.0747319160000188
667,1112.334,1.0562524950000807
668,1110.2518,1.0691635019993555
669,1106.6351,1.0758629040001324
670,1111.4729,1.071215820999896
671,1112.1298,1.0800605509994057
672,1108.0302,1.0774282990005304
673,1114.0713,1.0749118589992577
674,1108.1222,1.063449636999394
675,1106.9313,1.0685049420008
676,1106.5597,1.0747188270006518
677,1111.3505,1.0726278339998316
678,1104.2928,1.07153314199968
679,1108.6973,1.073962751000181
680,1103.6832,1.0808212060001097
681,1111.4596,1.0504575040004056
682,1104.9017,1.0701555519999602
683,1111.0547,1.0730806419996952
684,1110.6414,1.077145520999693
685,1107.7501,1.0744856789997357
686,1112.174,1.0733582700004263
687,1108.0292,1.070336621000024
688,1116.0684,1.0820523499996852
689,1115.3899,1.0629348530001153
690,1107.6063,1.0662086830006956
691,1122.1266,1.068946858000345
692,1115.4423,1.0772090350001235
693,1114.3352,1.0703393660005531
694,1103.5435,1.060282508000455
695,1117.4817,1.071180498999638
696,1111.4584,1.0603514009999344
697,1109.1833,1.0588471539995226
698,1116.457,1.0644937469996876
699,1103.6934,1.0728473319995828
700,1105.385,1.0715121200000794
701,1114.3356,1.0664574929996888
702,1111.4384,1.0775775249994695
703,1108.5667,1.073958009999842
704,1107.5548,1.0775864039997032
705,1107.299,1.0758929629992053
706,1109.4408,1.0792205509997075
707,1110.2119,1.0784627049997653
708,1119.164,1.0791516799999954
709,1118.5238,1.0763978370005134
710,1116.6472,1.0791765590001887
711,1106.3837,1.077183542000057
712,1111.8558,1.0761435869999332
713,1107.0522,1.0672101509999266
714,1103.5167,1.0615359749999698
715,1106.7627,1.0855136589998438
716,1111.8379,1.0609935909997148
717,1109.1389,1.0606825490003757
718,1107.3508,1.0547653359999458
719,1121.2504,1.0558333339995443
720,1108.428,1.05444886100031
721,1107.8528,1.0561758980002196
722,1100.9194,1.061493776000134
723,1113.906,1.0560946470004637
724,1111.2562,1.0631950030001462
725,1106.8348,1.0819856289999734
726,1119.747,1.0780159590003677
727,1110.174,1.0839348829995288
728,1112.167,1.0591555840001092
729,1114.8094,1.0748083009993934
730,1109.8429,1.0758755070000916
731,1105.2389,1.074029856999914
732,1107.7985,1.0742945660003898
733,1115.0159,1.0753470440004094
734,1106.0715,1.0800118369998017
735,1105.2405,1.0704434700001002
736,1106.6299,1.0829477269999188
737,1105.5797,1.0506874330003484
738,1117.8025,1.060587683000449
739,1107.4147,1.0613869290000366
740,1110.6898,1.072111720999601
741,1106.8632,1.0610634980002942
742,1119.0933,1.0805563690000781
743,1110.6569,1.0644818170003418
744,1106.9346,1.0547847260004346
745,1101.3906,1.0567539049998231
746,1114.3876,1.0701465439997264
747,1107.847,1.0691930130005858
748,1110.0774,1.0709620919997178
749,1110.4,1.0707801440003095
750,1110.5883,1.0684387530000095
751,1116.29,1.0683150360000582
752,1107.069,1.0655909370007066
753,1108.3508,1.0637495649998527
754,1110.454,1.0729511879999336
755,1113.8965,1.0623164870003166
756,1107.5643,1.0715020930001629
757,1109.8945,1.071052738000617
758,1121.2096,1.0752793559995553
759,1108.8301,1.0717930460004936
760,1113.8604,1.0728356130002794
761,1111.5927,1.0582113760001448
762,1116.6503,1.0658856869995361
763,1106.9586,1.059715710999626
764,1105.8108,1.0764575030007109
765,1111.6786,1.062650584000039
766,1109.2057,1.0702842040000178
767,1102.2694,1.0667074560005858
768,1119.287,1.0573633499998323
769,1109.659,1.070943656000054
770,1112.3356,1.0715798240007643
771,1112.5586,1.0824262789992645
772,1114.2299,1.0658367260002706
773,1102.4736,1.0608247420004773
774,1103.0319,1.0738983199998984
775,1111.0381,1.0736803460004012
776,1099.7357,1.0804100760005895
777,1115.3112,1.0780626969999503
778,1106.0344,1.073101596000015
779,1109.6964,1.0760316250007236
780,1104.3485,1.0706500619999133
781,1115.3207,1.0771882030003326
782,1109.3055,1.0773471610000342
783,1106.3622,1.066682020999906
784,1104.2328,1.078665302000445
785,1108.6107,1.061300714999561
786,1115.0458,1.0690204389993596
787,1116.199,1.065642556000057
788,1110.5281,1.0734162010003274
789,1103.205,1.0786170680003124
790,1114.3602,1.081285084999763
791,1109.34,1.0813352870000017
792,1108.0844,1.0778673350005192
793,1116.501,1.0755116309992445
794,1109.0778,1.0687539509999624
795,1101.7128,1.065768702999776
796,1112.1376,1.072307663999709
797,1100.808,1.0693038769995837
798,1105.8749,1.0754492440000831
799,1107.2747,1.0645742860006067
800,1107.9883,1.0704378560003533
801,1112.8007,1.0732687099998657
802,1104.2699,1.073597560000053
803,1107.2357,1.0750499910000144
804,1103.1962,1.0702819899997849
805,1107.4446,1.0676637750002556
806,1113.9906,1.0692792750005538
807,1113.3866,1.0782294380005624
808,1104.4337,1.0664603580007679
809,1108.8737,1.0734709910002493
810,1111.2567,1.0628122309999526
811,1107.6754,1.0688919300000634
812,1105.1644,1.0760614430000714
813,1110.1897,1.0780495549997795
814,1109.8444,1.0764925670000594
815,1109.0991,1.081916586999796
816,1113.8134,1.0772725239994543
817,1107.2369,1.0746911850001197
818,1114.8087,1.0853101949996926
819,1109.5223,1.0692039140003544
820,1106.3801,1.0723604240001805
821,1109.0078,1.0677777689998038
822,1115.2714,1.0786412760007806
823,1113.9603,1.0559347389998948
824,1117.8802,1.066290587000367
825,1112.7847,1.0660324820000824
826,1111.3208,1.0687060560003374
827,1108.9512,1.072225031999551
828,1121.2672,1.073305308000272
829,1117.6464,1.073883711000235
830,1114.0536,1.078264135999234
831,1115.0785,1.0714748029995462
832,1113.0139,1.071704336000039
833,1118.872,1.0752356080001846
834,1117.6034,1.0828179250001995
835,1110.6234,1.0700407430003906
836,1112.2665,1.0787240260006001
837,1126.2792,1.0708272800002305
838,1116.4335,1.0676289009998072
839,1118.343,1.0534654860002775
840,1119.6804,1.0790040470001259
841,1111.3196,1.0790242020002552
842,1112.0369,1.0753265439998358
843,1110.7413,1.0706027720007114
844,1108.2395,1.064831638999749
845,1115.4645,1.0673763099994176
846,1126.7382,1.0799009259999366
847,1120.69,1.0889388710002095
848,1115.0369,1.0809369030002927
849,1120.8445,1.08794910800043
850,1115.834,1.0753885929998432
851,1108.5773,1.0754414439998072
852,1115.6632,1.0787600069998007
853,1106.4076,1.0768533020000177
854,1117.1113,1.0827202890004628
855,1108.6389,1.080388184000185
856,1110.763,1.0759185759998218
857,1112.0787,1.0675686280001173
858,1113.9476,1.0830731469995953
859,1107.1019,1.0698521450003682
860,1107.9861,1.0739706539998224
861,1103.5297,1.0720458440000584
862,1107.5592,1.0606101749999652
863,1110.7245,1.0750101619996713
864,1104.4921,1.0477024260007965
865,1112.294,1.0531169330006378
866,1109.5095,1.0494876869997825
867,1111.9971,1.0596189779998895
868,1107.6428,1.0742896129995643
869,1109.4906,1.076252886000475
870,1107.1136,1.0792791909998414
871,1113.9379,1.0723879229999511
872,1107.8209,1.0778601840002011
873,1111.4794,1.0734871220001878
874,1108.509,1.0802487800001472
875,1113.1088,1.0627010039997913
876,1116.7811,1.073375099000259
877,1111.6427,1.0695508089993382
878,1114.7504,1.0776208750003207
879,1113.6031,1.0724317340000198
880,1109.1897,1.0789088749997973
881,1108.1309,1.0800956009998117
882,1110.2714,1.0770399639995958
883,1117.296,1.0778637510002227
884,1106.3323,1.0736023279996516
885,1110.6484,1.0769100609995803
886,1111.1757,1.0761889400000655
887,1108.676,1.0782689530005882
888,1108.9078,1.064905367999927
889,1120.8875,1.0727207159998216
890,1112.2383,1.068096575000709
891,1124.303,1.0809327869992558
892,1109.8643,1.0683962170005543
893,1106.7328,1.0597848520001207
894,1109.9891,1.0643340240003454
895,1114.9799,1.0616121729999577
896,1119.6602,1.0611285700006192
897,1108.8018,1.0614351370004442
898,1107.7001,1.0712197680004465
899,1108.2227,1.0700029720001112
900,1113.9524,1.0622797129999526
901,1114.2533,1.0628283579999334
902,1113.6565,1.0666559080000297
903,1115.5312,1.0735228909998114
904,1116.1514,1.0688709079995533
905,1113.2753,1.0773159770005805
906,1108.9824,1.0713553140003569
907,1112.726,1.0716973250000592
908,1121.3718,1.0617498980000164
909,1111.2126,1.0540765250007098
910,1105.5232,1.0610725850001472
911,1107.8925,1.0562434189996566
912,1104.7806,1.0585233969995897
913,1110.2054,1.0580807659998754
914,1108.8071,1.05456413399952
915,1115.4297,1.0624055669995869
916,1111.495,1.0770427020006537
917,1108.2588,1.0657943490004982
918,1107.1176,1.0714768799998637
919,1107.1804,1.0712472339992019
920,1113.1312,1.072416883999722
921,1111.0902,1.076823719999993
922,1107.373,1.0768526840001869
923,1106.1989,1.0573694049999176
924,1124.0731,1.0735537159998785
925,1109.7992,1.0774900060005166
926,1113.8068,1.0839095780002026
927,1108.581,1.0762268210000911
928,1108.7294,1.0810514759996295
929,1109.7916,1.0593496980000054
930,1114.872,1.0652793600002042
931,1106.7987,1.0664176760001283
932,1110.8363,1.070541564999985
933,1109.5826,1.0750729970004613
934,1115.292,1.0711521419998462
935,1126.342,1.0759338180005216
936,1110.6321,1.0736464649999107
937,1106.6392,1.0774378420001085
938,1104.701,1.07400586499989
939,1117.4879,1.080177635999462
940,1109.1229,1.074739268000485
941,1117.4053,1.075766449999719
942,1103.0719,1.0654213540001365
943,1117.4196,1.0754339020004409
944,1106.085,1.0766656040004818
945,1111.4576,1.0587901419994523
946,1117.1282,1.0552707770002598
947,1114.8363,1.0544129969994174
948,1104.9491,1.0775705469995955
949,1110.9346,1.067873791999773
950,1104.9159,1.0730664310003704
951,1114.3934,1.0697038159996737
952,1113.8226,1.0676096600000164
953,1110.8743,1.0674832790000437
954,1103.9469,1.0789441659999284
955,1111.7322,1.06678117499996
956,1106.7092,1.0812501909995262
957,1107.259,1.073443717000373
958,1112.2848,1.070322696000403
959,1111.4047,1.0766830889997436
960,1111.4481,1.065381761000026
961,1105.7428,1.0571115140000984
962,1107.3004,1.0683932550000463
963,1120.4032,1.0719271289999597
964,1115.2856,1.0724157029999333
965,1120.63,1.0663345169996319
966,1113.2871,1.0758183939997252
967,1112.2915,1.0709954849999122
968,1102.8354,1.080347267000434
969,1104.4341,1.063191299999744
970,1112.2617,1.0673974040000758
971,1106.9062,1.072139208000408
972,1106.8138,1.089806236000186
973,1110.7457,1.0781078270001672
974,1109.284,1.0773897870003566
975,1111.5092,1.0747459029998936
976,1107.4313,1.0737841840000328
977,1108.7997,1.076938940999753
978,1119.0791,1.0728739010000936
979,1107.226,1.074770780000108
980,1103.4144,1.0729089799997382
981,1109.9067,1.074186877000102
982,1112.3606,1.0626218910001626
983,1117.2136,1.0866976400002386
984,1112.3849,1.0669995440002822
985,1105.7059,1.0636703320005836
986,1111.014,1.0586248119998345
987,1112.5656,1.0431844149998142
988,1101.8842,1.0366150650006603
989,1115.9584,1.0416436280002017
990,1112.1049,1.0765817359997527
991,1107.1272,1.0782122159998835
992,1111.3867,1.0822000419993856
993,1115.5468,1.06916258199999
994,1108.3304,1.0805806839998695
995,1115.137,1.0762349510005151
996,1105.1649,1.0568658680003864
997,1112.3186,1.058357875999718
998,1106.0809,1.0611057739997705
999,1114.1904,1.0594310799997402
1000,1108.9828,1.057696359000147
1001,1138.6746,1.061291911999433
1002,1121.5774,1.061038304000249
1003,1113.7964,1.0621263610000824
1004,1105.8348,1.063526926999657
1005,1101.4429,1.0587629379997452
1006,1115.4502,1.06408537399966
1007,1104.8322,1.0619436269998914
1008,1111.4618,1.063689548000184
1009,1111.6371,1.0656121510000958
1010,1110.0568,1.0827340249998088
1011,1110.6699,1.0637701939995168
1012,1112.3926,1.0508079680002993
1013,1109.8467,1.0591770700002598
1014,1107.4344,1.0609820239997134
1015,1123.2567,1.0637498060004873
1016,1104.4266,1.0633416660002695
1017,1111.4304,1.0591100619994904
1018,1110.4227,1.0757136029997127
1019,1116.3916,1.0715556739996828
1020,1108.067,1.0704365880001205
1021,1113.2769,1.0709725970000363
1022,1107.2079,1.0616244969996842
1023,1110.0814,1.058263019000151
1024,1107.8441,1.0708692979997068
1025,1103.4369,1.05891449200044
1026,1116.2465,1.0705104620001293
1027,1107.5345,1.0800114389994633
1028,1115.0188,1.0724745520001306
1029,1096.8368,1.069673162000072
1030,1109.916,1.0703209599996626
1031,1113.4176,1.0772407329995985
1032,1110.724,1.076839266999741
1033,1115.0469,1.0753607249998822
1034,1107.9633,1.079079092000029
1035,1114.1263,1.0775683120000394
1036,1100.2845,1.063035136000508
1037,1112.8419,1.0757912720000604
1038,1106.722,1.0707204159998582
1039,1109.819,1.0742499719999614
1040,1110.61,1.0690409279995947
1041,1115.8588,1.0723011239997504
1042,1109.6959,1.0722637570006555
1043,1108.6913,1.072123040000406
1044,1105.6754,1.0717987289999655
1045,1110.6547,1.0736103330000333
1046,1107.2008,1.0734227310003917
1047,1116.7002,1.0747978649997094
1048,1107.1083,1.0704756430004636
1049,1112.7789,1.0527712539997083
1050,1109.2955,1.0806821309997758
1051,1107.2504,1.0709117030000925
1052,1107.4578,1.0741764549993604
1053,1111.4604,1.0690177120004591
1054,1111.7383,1.0647972070000833
1055,1105.4016,1.0755542020006033
1056,1119.1465,1.0702055310002834
1057,1112.9701,1.0738664480004445
1058,1113.1926,1.0794456020003054
1059,1107.1019,1.0678982489998816
1060,1110.1255,1.0750913669999136
1061,1115.8715,1.0746359999993729
1062,1110.9297,1.075394124000013
1063,1104.3964,1.0650123670002358
1064,1110.7639,1.081241420999504
1065,1109.2462,1.0766329710004356
1066,1117.2352,1.0788297979997878
1067,1111.9061,1.0743343449994427
1068,1111.7289,1.0771118789998582
1069,1109.2463,1.0732827789997827
1070,1112.5225,1.0702367539997795
1071,1108.8813,1.0644618510004875
1072,1108.7789,1.059627019999425
1073,1105.8131,1.0709729529999095
1074,1111.1005,1.0702344470000753
1075,1113.4755,1.0754295130000173
1076,1117.4453,1.0758473709993268
1077,1118.8455,1.0778689329999906
1078,1110.4791,1.0665011459996094
1079,1109.7567,1.0715876980002577
1080,1106.81,1.0645882979997623
1081,1113.8256,1.0712046230000851
1082,1114.6633,1.0667820039998333
1083,1115.3428,1.0736157299998013
1084,1112.6738,1.0690732519997255
1085,1108.0254,1.069296783000027
1086,1120.7634,1.0709742159997404
1087,1102.4973,1.075951982999868
1088,1108.2076,1.0737962409993997
1089,1114.4525,1.072837258000618
1090,1117.7373,1.0721364829996674
1091,1113.948,1.0606180550003046
1092,1104.041,1.0590496360000543
1093,1118.0858,1.0807952930008469
1094,1108.2245,1.0713740529999995
1095,1106.0824,1.0766800100000182
1096,1103.9327,1.0719873770003687
1097,1112.4644,1.0797788179997951
1098,1108.5546,1.0796053280000706
1099,1107.5483,1.0692734940002993
1100,1112.9296,1.0728882079993127
1101,1114.4393,1.0745653710000624
1102,1112.7513,1.075916898000287
1103,1106.3723,1.0644398790000196
1104,1104.4059,1.0682194599994546
1105,1107.8837,1.0686069809999026
1106,1110.1086,1.0726641700002801
1107,1104.0143,1.0629779259998031
1108,1105.7362,1.0706908579995797
1109,1107.7563,1.0757723449996774
1110,1116.9873,1.0685065019997637
1111,1112.496,1.0707342160003464
1112,1103.0355,1.0752176899995902
1113,1116.7689,1.0753796150002017
1114,1110.3203,1.0750065260008341
1115,1109.4912,1.075482471000214
1116,1108.5233,1.068642250999801
1117,1108.6381,1.0758411769993472
1118,1114.6694,1.0656639480002923
1119,1106.5839,1.0720343590000994
1120,1106.287,1.0680038319997038
1121,1114.6727,1.0539559740000186
1122,1110.0773,1.0775267130002248
1123,1103.8774,1.0761639619995549
1124,1106.8984,1.0756003970000165
1125,1105.4004,1.0810492089995023
1126,1109.5184,1.0704031199993551
1127,1106.0825,1.0644081059999735
1128,1109.6094,1.0518752669995592
1129,1109.22,1.0584574610002164
1130,1104.4935,1.0625380249994123
1131,1103.8474,1.0683401940004842
1132,1112.9222,1.0675720590006677
1133,1106.0446,1.0753800649999903
1134,1107.9198,1.0694593910002368
1135,1111.595,1.070058121999864
1136,1101.9299,1.073004267000215
1137,1105.2844,1.07616462399983
1138,1108.8701,1.076179716000297
1139,1108.0023,1.0726789789996474
1140,1113.7001,1.070080372999655
1141,1113.9711,1.0654925239996373
1142,1119.2314,1.0583612310001627
1143,1103.4062,1.065212941000027
1144,1106.4418,1.0686687480001638
1145,1107.3431,1.068337536999934
1146,1108.5221,1.07335023899941
1147,1108.1891,1.072105647999706
1148,1107.2441,1.0634700700002213
1149,1115.633,1.0758205969996197
1150,1105.7396,1.0743933009998727
1151,1110.1016,1.063941313000214
1152,1110.5682,1.0669521750005515
1153,1116.9486,1.0676543119998314
1154,1108.1783,1.0706829350001499
1155,1113.4332,1.0653873770006612
1156,1105.0967,1.0564713250005298
1157,1103.929,1.0795269469999766
1158,1114.3131,1.063511130999359
1159,1102.1569,1.0645266350002203
1160,1113.2206,1.0663884870000402
1161,1109.3989,1.0652029279999624
1162,1104.9554,1.0625796340000306
1163,1102.2268,1.0639808279993304
1164,1106.9183,1.0614789979999841
1165,1106.6659,1.061373454999739
1166,1110.755,1.0739477799997985
1167,1106.1348,1.070572481000454
1168,1104.8901,1.0656617140002709
1169,1106.9209,1.069499070999882
1170,1112.1246,1.0518714059999184
1171,1110.9872,1.0795206490001874
1172,1104.8114,1.067925276999631
1173,1108.2036,1.0732792150001842
1174,1112.2412,1.068227458000365
1175,1109.3944,1.069264449000002
1176,1108.4066,1.0623664810000264
1177,1106.8773,1.0645071609997103
1178,1105.3303,1.0696285949998128
1179,1114.1564,1.0703353220005738
1180,1114.523,1.069448174000172
1181,1116.1423,1.0691351549994579
1182,1108.0105,1.06857810999918
1183,1107.0657,1.07161370599988
1184,1114.4115,1.0701567549995161
1185,1111.3827,1.0819155170001977
1186,1110.3188,1.0794549000002007
1187,1106.1371,1.0734902550002516
1188,1112.1748,1.0798902280002949
1189,1106.0638,1.0771068080002806
1190,1113.3986,1.065427890999672
1191,1104.8727,1.0821282479992078
1192,1109.5555,1.0719557359998362
1193,1117.1487,1.0724176189996797
1194,1105.3583,1.0648970180000106
1195,1112.8243,1.0775348740007757
1196,1108.1718,1.0736752989996603
1197,1112.7561,1.0722243549998893
1198,1111.9733,1.079623793000792
1199,1108.3386,1.0813247309997678
1200,1108.9745,1.0750167600008353
1201,1108.0907,1.0575458479997906
1202,1103.9889,1.0522692790000292
1203,1108.4755,1.060210769999685
1204,1110.8876,1.076673552000102
1205,1110.4852,1.0656275350002034
1206,1104.7374,1.07242066300023
1207,1105.8217,1.0741360259999055
1208,1113.8634,1.0754719990000012
1209,1109.3254,1.0793467409994264
1210,1111.8734,1.0712452640000265
1211,1103.3462,1.0785444290004307
1212,1114.308,1.0633167010000761
1213,1112.1248,1.0709480719997373
1214,1104.613,1.074659296000391
1215,1105.0508,1.0694251919994713
1216,1104.7393,1.0627207449997513
1217,1104.4413,1.0631459280002673
1218,1110.2286,1.0678402570001708
1219,1108.4486,1.0720758209999985
1220,1102.6722,1.072429392000231
1221,1110.0321,1.0699796590006372
1222,1113.4733,1.0765417420006997
1223,1115.9939,1.079337341999235
1224,1105.9303,1.0702652820000367
1225,1106.6804,1.065264608000689
1226,1110.6907,1.0644376230002308
1227,1109.6328,1.0572795110001607
1228,1109.038,1.0738101209999513
1229,1114.1198,1.0741083650000292
1230,1114.8953,1.0714633009993122
1231,1107.0707,1.0776443400000062
1232,1111.7144,1.0776759169993966
1233,1109.1112,1.078418332000183
1234,1106.1807,1.0798483619992112
1235,1119.2953,1.0791631800002506
1236,1115.0267,1.0654991920000612
1237,1100.0803,1.0560136109997984
1238,1100.0813,1.0690375359999962
1239,1109.9867,1.0668051880002167
1240,1108.8192,1.074918231999618
1241,1116.6561,1.0741697209996346
1242,1108.2343,1.07481895500041
1243,1106.747,1.0796646730004795
1244,1107.4125,1.069527267999547
1245,1111.4192,1.0701613369992629
1246,1108.3552,1.0720467999999528
1247,1108.194,1.07059411299997
1248,1111.6825,1.072510727000008
1249,1101.8518,1.0683903690005536
1250,1113.7523,1.0563368719995196
1251,1106.7644,1.0715994149995822
1252,1109.7297,1.0511309570001686
1253,1107.3505,1.0542977779996363
1254,1104.5939,1.065010254000299
1255,1106.9954,1.0728847020000103
1256,1109.7767,1.0744901080006457
1257,1105.7141,1.0596815019998758
1258,1109.6268,1.0714223690001745
1259,1113.1074,1.0695190349997574
1260,1103.4984,1.0767327349994957
1261,1105.7893,1.0729112720000558
1262,1109.8513,1.0729424210003344
1263,1107.8446,1.0687571169992225
1264,1113.4988,1.0735349450005742
1265,1107.9622,1.0701975369993306
1266,1105.2101,1.0693670999999085
1267,1105.7932,1.0743685269999332
1268,1108.5399,1.0748413139999684
1269,1103.7555,1.075918637000541
1270,1108.5922,1.0587456949997431
1271,1111.6204,1.068266807999862
1272,1111.4963,1.0779161730006308
1273,1109.5137,1.074410080999769
1274,1109.7621,1.067740724000032
1275,1109.6876,1.0773857080002927
1276,1115.0553,1.0793063559995062
1277,1109.3287,1.0704479750002065
1278,1112.7527,1.0883961389999968
1279,1109.2214,1.0730633650000527
1280,1106.5917,1.0776597319991197
1281,1102.8391,1.0690649219995976
1282,1103.789,1.0735490170000048
1283,1108.9805,1.075882895000177
1284,1112.2051,1.084204032999878
1285,1109.7594,1.0728205949999392
1286,1108.5487,1.0719284930000867
1287,1097.4066,1.071272277999924
1288,1102.9034,1.07219758500014
1289,1105.1884,1.0707673709994197
1290,1105.8662,1.074348240999825
1291,1109.3644,1.07936729299945
1292,1112.2133,1.074827766999988
1293,1103.6024,1.0795692060000874
1294,1113.442,1.0671675799994773
1295,1115.7347,1.0661748820002686
1296,1108.6095,1.0745709040002112
1297,1102.8645,1.0630056310001237
1298,1104.9813,1.0702767640004822
1299,1113.1984,1.072486992999984
1300,1110.6859,1.0717557250000027
1301,1099.803,1.0704279200008386
1302,1112.0073,1.0684256049999021
1303,1109.621,1.0641535690001547
1304,1105.2904,1.0569130829999267
1305,1107.9459,1.0747115190006298
1306,1110.6093,1.0704266779994214
1307,1111.8741,1.077135045000432
1308,1108.3652,1.065975299999991
1309,1110.3987,1.0777714249998098
1310,1109.2076,1.0749683230005758
1311,1107.338,1.0612387310002305
1312,1107.547,1.0595502360001774
1313,1109.1194,1.0441726379995089
1314,1105.8514,1.0527767000003223
1315,1108.3749,1.0705896010003926
1316,1105.61,1.073355802000151
1317,1109.5999,1.068186429999514
1318,1109.1708,1.0702558840002894
1319,1101.184,1.0713022540003294
1320,1113.8336,1.0783870509994813
1321,1107.8601,1.0761557249998077
1322,1110.1835,1.0788719909996871
1323,1106.1367,1.074949996000214
1324,1110.0721,1.0758700050000698
1325,1104.5453,1.0731493559997034
1326,1115.9844,1.0790503959997295
1327,1110.993,1.077767051000592
1328,1110.8921,1.0816280879998885
1329,1112.792,1.0824961020007322
1330,1106.8959,1.0771686629996111
1331,1106.0618,1.0672856620003586
1332,1108.2806,1.0703696640002818
1333,1107.2073,1.0681904839993877
1334,1104.1422,1.0831862369996088
1335,1107.5948,1.072811434999494
1336,1103.5233,1.061216262999551
1337,1103.285,1.068662034999761
1338,1102.4902,1.0689820799998415
1339,1113.3602,1.0737284589995397
1340,1108.9592,1.0686000440000498
1341,1111.5721,1.0735832710006434
1342,1108.6143,1.079659406999781
1343,1118.1879,1.0766116380000312
1344,1109.766,1.0653658260007433
1345,1105.8578,1.0881529210000735
1346,1111.8772,1.0724791129996447
1347,1116.5856,1.0827960140004507
1348,1111.1019,1.0751093510007195
1349,1104.5983,1.0790589789994556
1350,1103.4022,1.0639930799998183
1351,1102.2985,1.0583342239997364
1352,1108.3087,1.0694088970003577
1353,1109.3423,1.0710037530006957
1354,1114.6191,1.0721100959999603
1355,1104.5299,1.0678680430000895
1356,1113.0321,1.0828226390003692
1357,1103.2236,1.0726923210004315
1358,1107.999,1.0734412319998228
1359,1112.4833,1.0682710859991857
1360,1118.1729,1.0695793690001665
1361,1115.3135,1.0734647040007985
1362,1109.5995,1.0734817269994892
1363,1105.6898,1.0771619679999276
1364,1107.7717,1.0802082000000155
1365,1104.8568,1.0663776460005465
1366,1106.5754,1.0733448139999382
1367,1112.0809,1.0711107159995663
1368,1104.0668,1.07466567100073
1369,1108.2789,1.0730175120006606
1370,1103.1752,1.0637594769996213
1371,1108.4885,1.0589615939998112
1372,1106.8716,1.072010500000033
1373,1103.6676,1.0727845199999138
1374,1100.9926,1.070472756999152
1375,1109.2001,1.0792587839996486
1376,1104.0488,1.0726734270001543
1377,1114.1884,1.0763724089993048
1378,1107.8337,1.0767465999997512
1379,1107.472,1.0765876689993092
1380,1111.909,1.0745636370002103
1381,1111.4242,1.078708000000006
1382,1109.0055,1.0771989550003127
1383,1102.4261,1.076640211999802
1384,1105.6725,1.0692974629992023
1385,1104.4933,1.0754587979999997
1386,1105.289,1.0718980989995543
1387,1106.4845,1.0807754720008234
1388,1102.3988,1.0700221139995847
1389,1099.953,1.0720155460003298
1390,1106.5448,1.0766165079994607
1391,1110.6854,1.0700041549998787
1392,1115.4404,1.071557121999831
1393,1114.7646,1.0676521420000427
1394,1110.2936,1.071097115000157
1395,1111.2181,1.0703157789994293
1396,1108.6074,1.0658414600002288
1397,1106.0701,1.0803562480004985
1398,1114.973,1.0646326400001271
1399,1109.0103,1.0770645990005505
1400,1109.0334,1.0719352830001299
1401,1107.3285,1.0723900459997822
1402,1104.2797,1.0713275620000786
1403,1107.8248,1.0740093480008
1404,1111.5201,1.0599451879998014
1405,1107.9166,1.0536892729996907
1406,1109.9126,1.0529967570000736
1407,1110.4999,1.0723933609997403
1408,1112.7737,1.076842188000228
1409,1109.1034,1.0726231170001483
1410,1113.6494,1.073841215000357
1411,1109.0657,1.0643199689993708
1412,1114.9592,1.0715607330002968
1413,1108.7919,1.06448453899975
1414,1109.7269,1.0663513660001627
1415,1103.6566,1.0752115479999702
1416,1101.6033,1.0806561099998362
1417,1105.4095,1.0719915010004115
1418,1121.6317,1.0701278020005702
1419,1109.2637,1.0785485490005158
1420,1106.6874,1.067444520999743
1421,1109.4807,1.0689816909998626
1422,1113.4124,1.07826332500008
1423,1119.3861,1.07485996899959
1424,1103.1078,1.0707739140007106
1425,1105.9464,1.0634555360002196
1426,1101.8666,1.0675418310001987
1427,1104.9742,1.0741033659996901
1428,1116.6272,1.074996201000431
1429,1101.4072,1.0728769749994171
1430,1105.5032,1.071991077000348
1431,1102.622,1.0696580929998163
1432,1113.2123,1.0753252470003645
1433,1107.6985,1.072823755999707
1434,1110.8247,1.078748965000159
1435,1103.4346,1.076324019999447
1436,1101.6122,1.068190856000001
1437,1114.6504,1.057854342999235
1438,1107.4315,1.0667593640000632
1439,1107.6719,1.0710123509998084
1440,1101.8717,1.0664917320000313
1441,1104.7946,1.075047302000712
1442,1102.2734,1.0749462659996425
1443,1106.9554,1.067118396999831
1444,1111.233,1.0577050010006133
1445,1105.4912,1.0614199700003155
1446,1110.6786,1.0591998489999241
1447,1106.749,1.0663702479996573
1448,1103.2837,1.0717581979997703
1449,1106.3197,1.0687919259999035
1450,1103.8191,1.075489894000384
1451,1109.6884,1.065330845999597
1452,1115.272,1.0766834079995533
1453,1105.753,1.0705262780002158
1454,1110.1703,1.0705450060004296
1455,1101.2523,1.066918995999913
1456,1106.3397,1.0886119550004878
1457,1107.399,1.0859791709999627
1458,1111.5062,1.0782432470005006
1459,1108.2773,1.0806666349999432
1460,1108.3229,1.080266009999832
1461,1104.3724,1.076086801999736
1462,1105.2494,1.0739481420005177
1463,1106.1129,1.0768088639997586
1464,1119.3392,1.0736528979996365
1465,1111.5707,1.0813187189996825
1466,1109.5769,1.0537847650002732
1467,1112.4559,1.0612867429999824
1468,1108.7343,1.0749717509997936
1469,1108.723,1.070111648999955
1470,1114.3745,1.075674558999708
1471,1110.0214,1.0600101219997669
1472,1113.7026,1.0618826109994188
1473,1109.2831,1.0564136479997615
1474,1116.5448,1.077711850999549
1475,1110.8307,1.0689229390000037
1476,1108.7142,1.0726474409993898
1477,1108.2024,1.0758183950001694
1478,1104.6224,1.0687291510002979
1479,1108.5653,1.076720411999304
1480,1105.0618,1.083730094999737
1481,1119.9984,1.0725936769995315
1482,1117.5527,1.0747497909997037
1483,1114.2781,1.0777557219998926
1484,1121.1533,1.0688382099997398
1485,1121.7914,1.0760399589998997
1486,1115.5553,1.072417024999595
1487,1119.3995,1.0618614089999028
1488,1131.8899,1.0597452709998834
1489,1129.7836,1.062930563000009
1490,1144.9374,1.065796283999589
1491,1116.2104,1.0557376930000828
1492,1126.7207,1.0837559710007554
1493,1139.1052,1.067342985000323
1494,1131.0756,1.0652593400000114
1495,1142.6458,1.0774939660004748
1496,1123.5927,1.0702817250003136
1497,1125.0514,1.0761408709995521
1498,1135.3783,1.0703501130001314
1499,1131.9799,1.0704145400004563
1500,1122.7428,1.0733474059998116
1501,1134.6108,1.0680886059999466
1502,1126.3639,1.0690982410005745
1503,1128.9862,1.0646265730001687
1504,1128.4836,1.0682977959995696
1505,1127.9241,1.0711414420002257
1506,1134.4363,1.054538624000088
1507,1121.5608,1.0543116759999975
1508,1127.8075,1.0675933830007125
1509,1124.7992,1.0746900160002042
1510,1134.2806,1.0772075889999542
1511,1138.3297,1.0764264469999034
1512,1128.314,1.071453057999861
1513,1142.6102,1.0709737420002057
1514,1133.4686,1.068731858999854
1515,1143.7596,1.070688662000066
1516,1136.0482,1.0757397990000754
1517,1137.9818,1.0742560019998564
1518,1143.3881,1.065281973999845
1519,1129.5898,1.0685923370001547
1520,1130.8263,1.0651258259995302
1521,1125.8773,1.0512474580000344
1522,1132.676,1.0674454569998488
1523,1134.8329,1.0558663689998866
1524,1140.1208,1.0611181140002373
1525,1137.8463,1.0607402859996
1526,1137.6456,1.0698191589999624
1527,1133.5404,1.0652575740004977
1528,1138.3899,1.0682919550008592
1529,1138.493,1.0544708620000165
1530,1134.7455,1.0484735889995136
1531,1146.2002,1.064111213000615
1532,1132.7157,1.078054648000034
1533,1135.3447,1.0578356800006077
1534,1131.2792,1.0540690320003705
1535,1140.7119,1.065083104000223
1536,1133.6796,1.0671157169999788
1537,1131.474,1.0595369740003662
1538,1141.8531,1.0768034110005829
1539,1135.6874,1.0672272820002036
1540,1133.0594,1.0727060319995871
1541,1140.526,1.0695744840004409
1542,1145.5763,1.075474440999642
1543,1130.2723,1.0659274649997315
1544,1141.8899,1.0629275389992472
1545,1132.6987,1.0624348040000768
1546,1136.1674,1.0653437970004234
1547,1139.5538,1.0709369229998629
1548,1135.9847,1.0776046589999169
1549,1135.0211,1.0625648770001135
1550,1138.7614,1.082138154999484
1551,1142.0154,1.0785112820003633
1552,1130.8108,1.0635744490000434
1553,1146.9865,1.084952653000073
1554,1133.361,1.0729032340004778
1555,1136.4242,1.0763373910003793
1556,1153.17,1.0733594249995804
1557,1139.1204,1.0706833089998327
1558,1144.0465,1.0641298069995173
1559,1137.6168,1.0675773539996953
1560,1135.607,1.0704983899995568
1561,1138.527,1.0619306179996784
1562,1138.8798,1.0437257590001536
1563,1138.0625,1.0682910760006052
1564,1132.884,1.0634687970004961
1565,1133.9037,1.0647742660003132
1566,1138.9603,1.0785486120003043
1567,1140.0007,1.0770428749992789
1568,1143.2266,1.068760623000344
1569,1136.2511,1.0738081150002472
1570,1131.534,1.0629492349999055
1571,1130.4729,1.0640101609997146
1572,1154.3981,1.0707806869995693
1573,1138.3558,1.0764896589998898
1574,1191.8217,1.0606788500008406
1575,1182.4868,1.071692570999403
1576,1152.344,1.06130152500009
1577,1168.8,1.0624318379996112
1578,1169.6285,1.0561346639997282
1579,1165.113,1.0542906959999527
1580,1193.8915,1.0634811039999477
1581,1195.6526,1.0649030089998632
1582,1134.122,1.0660969370001112
1583,1202.8304,1.0701555989999179
1584,1140.8466,1.0760668640004951
1585,1160.994,1.05778056500003
1586,1207.8186,1.0700118939994354
1587,1178.6571,1.0704210940002667
1588,1199.5009,1.0613512669997363
1589,1155.1449,1.079710286999216
1590,1129.4629,1.0785942579996117
1591,1180.8373,1.0798495619992536
1592,1162.5023,1.0730858380002246
1593,1183.5121,1.0753331299993079
1594,1176.199,1.0744418009999208
1595,1179.425,1.072681869999542
1596,1176.3387,1.073119990000123
1597,1190.4735,1.072673259000112
1598,1180.8341,1.0631729759998052
1599,1158.8002,1.0798972639995554
1600,1175.0354,1.0762351219991615
1601,1163.3622,1.0737916889993357
1602,1182.2994,1.074439820000407
1603,1171.8477,1.071964040000239
1604,1192.4739,1.0570884560002014
1605,1184.2731,1.0544978660000197
1606,1156.721,1.0635608929997034
1607,1156.0189,1.0721759790003489
1608,1179.1698,1.0690722559993446
1609,1147.973,1.0802940739995393
1610,1175.3336,1.0720648189999338
1611,1132.3551,1.0725189119993956
1612,1158.8164,1.0557654999993247
1613,1175.5638,1.0630604669995591
1614,1165.4922,1.0773209130002215
1615,1172.1083,1.0778463280003052
1616,1140.5824,1.0739453629994387
1617,1161.7418,1.0786516779999147
1618,1163.471,1.0727295339993361
1619,1197.2145,1.0714563540004747
1620,1163.2981,1.0756620289994316
1621,1179.8524,1.0729264420006075
1622,1182.1146,1.0610117510004784
1623,1166.9056,1.0630571540004894
1624,1156.2273,1.062358230999962
1625,1178.0712,1.0640302120000342
1626,1181.876,1.0810862150001412
1627,1201.5459,1.054849471000125
1628,1181.6925,1.064052427000206
1629,1168.5424,1.0748225180004738
1630,1178.4291,1.0764527700002873
1631,1188.4973,1.077869284999906
1632,1178.6062,1.0720160700002452
1633,1173.5361,1.0774541410000893
1634,1178.1826,1.0760536879997744
1635,1194.6705,1.0809101620006913
1636,1178.9706,1.0791172369999913
1637,1180.3618,1.051834969999618
1638,1149.3119,1.0612834699995801
1639,1177.6139,1.0745757889999368
1640,1192.257,1.0793419920000815
1641,1147.5623,1.0759351349997814
1642,1187.1083,1.055890096999974
1643,1134.8871,1.064873111000452
1644,1184.3379,1.0633728130005693
1645,1131.0988,1.0695573490002062
1646,1150.6278,1.0709865110002283
1647,1164.4778,1.072222282000439
1648,1169.0032,1.0726060719998713
1649,1196.652,1.076699393999661
1650,1203.8851,1.0710914910005158
1651,1196.8132,1.0682322140000906
1652,1192.0037,1.0624529870001425
1653,1180.5674,1.063192727000569
1654,1194.57,1.065555370999391
1655,1185.2695,1.0552779879999434
1656,1187.0627,1.0656192650003504
1657,1182.3016,1.0635399210004834
1658,1214.8691,1.0617501169999741
1659,1196.1708,1.0647104280005806
1660,1181.5104,1.0701250429992797
1661,1190.9569,1.0717085159994895
1662,1175.5897,1.0685719940001945
1663,1166.8225,1.0705381549996673
1664,1185.6947,1.066663354999946
1665,1186.8555,1.069066510999619
1666,1182.8457,1.071292798000286
1667,1183.2269,1.0614864139997735
1668,1169.6039,1.0631109089999882
1669,1157.7689,1.0614479930000016
1670,1186.4263,1.067766493999443
1671,1183.5034,1.0673604379999233
1672,1184.6016,1.072518654000305
1673,1192.0671,1.0620845070006908
1674,1199.2963,1.07466698799999
1675,1176.2269,1.056732473000011
1676,1203.1171,1.0526868099996136
1677,1189.6053,1.0515394519998154
1678,1200.3431,1.058035574999849
1679,1187.3926,1.0513056139998298
1680,1195.7288,1.0633525309995093
1681,1192.3525,1.0689797670002008
1682,1173.4253,1.0729606969998713
1683,1188.6638,1.0633985090007627
1684,1213.3955,1.0764367740002854
1685,1185.8951,1.0732544140000755
1686,1196.8688,1.0737911189999068
1687,1173.7623,1.0733292200002325
1688,1178.2207,1.0677861669992126
1689,1192.5596,1.0776235489993269
1690,1197.267,1.0747233029997005
1691,1201.4352,1.0544878800001243
1692,1180.6372,1.0664137909998317
1693,1196.3185,1.0849987499996132
1694,1189.2782,1.0720526929999323
1695,1188.8942,1.0728548890001548
1696,1202.5645,1.0716750530000354
1697,1186.0721,1.0788812060000055
1698,1201.4691,1.077454542999476
1699,1197.2397,1.0799605539996264
1700,1192.2057,1.0684199959996477
1701,1178.2964,1.0688459270004387
1702,1191.2484,1.0684469819998412
1703,1191.6924,1.0641613660000075
1704,1193.3987,1.0680469019998782
1705,1198.7012,1.06368414499957
1706,1186.8776,1.066798720999941
1707,1202.1589,1.069717837999633
1708,1201.8563,1.0676925349998783
1709,1185.5657,1.0633039939993978
1710,1190.0365,1.070241489000182
1711,1189.1932,1.0752118239997799
1712,1183.7153,1.0758511900003214
1713,1203.1825,1.074691055000585
1714,1190.7313,1.0697187949999716
1715,1191.4076,1.0775752879999345
1716,1189.6415,1.0771558550004556
1717,1189.9133,1.0730295409994142
1718,1189.9937,1.0667841750000662
1719,1202.0558,1.0653615270002774
1720,1182.6006,1.0747215020001022
1721,1198.681,1.065849220999553
1722,1198.934,1.0650252920004277
1723,1184.929,1.0623305359995356
1724,1182.9886,1.0687662079999427
1725,1209.7323,1.0623694730002171
1726,1184.6692,1.064147356999456
1727,1187.5897,1.0642024839999067
1728,1179.2408,1.0762604539995664
1729,1208.295,1.0723342999999659
1730,1205.317,1.072673687999668
1731,1205.9204,1.0705900490002023
1732,1226.7788,1.0759796170004847
1733,1200.9008,1.0675521299999673
1734,1214.3179,1.0711520759996347
1735,1207.5635,1.0773730330001854
1736,1186.0326,1.0627770219998638
1737,1185.4452,1.0752992870002345
1738,1190.2489,1.0627340060000279
1739,1198.3767,1.0612651159999587
1740,1202.1086,1.074202556000273
1741,1212.7119,1.0681891360000009
1742,1232.7743,1.073175104999791
1743,1189.256,1.0715421639997658
1744,1195.2269,1.0724053810008627
1745,1192.1134,1.064558329000647
1746,1202.6035,1.056665422000151
1747,1208.4829,1.0656260690002455
1748,1210.5778,1.0762494880000304
1749,1201.5037,1.0602721069999461
1750,1211.7977,1.070328306999727
1751,1204.1881,1.0781596970000464
1752,1198.6055,1.0736994589997266
1753,1201.2374,1.0811378669995975
1754,1192.2152,1.0700055769993924
1755,1207.8379,1.0773388460002025
1756,1202.8059,1.0646936560005997
1757,1216.8182,1.0804871750005987
1758,1188.2463,1.0751946899999894
1759,1207.6259,1.0646868029998586
1760,1195.5123,1.073218151999754
1761,1217.6696,1.0695822549996592
1762,1196.9362,1.069868286000201
1763,1192.0004,1.0556624179998835
1764,1207.6932,1.0735175109994088
1765,1197.0023,1.070466211999701
1766,1214.7524,1.0739350370004104
1767,1204.7418,1.0790041300006123
1768,1198.9906,1.0581994980002492
1769,1198.7607,1.0567854829996577
1770,1201.1058,1.0686135480000303
1771,1195.1107,1.0732525699995676
1772,1192.0887,1.0816742480001267
1773,1229.5106,1.0683233050003764
1774,1195.164,1.070814674999383
1775,1195.6965,1.0688664359995528
1776,1205.9576,1.065866066000126
1777,1199.553,1.06702411400056
1778,1205.6664,1.0760610289999022
1779,1204.1761,1.065167013000064
1780,1207.1892,1.0744362929999625
1781,1207.8662,1.0799011130002327
1782,1193.049,1.0788565160000871
1783,1199.6855,1.07715063500018
1784,1196.8624,1.079505362999953
1785,1200.9836,1.0672855220000201
1786,1207.1288,1.0681216180000774
1787,1206.0233,1.073512770999514
1788,1207.8287,1.072952785999405
1789,1199.6512,1.0702558140001202
1790,1205.4663,1.0743314940000346
1791,1213.9639,1.076612087000285
1792,1214.5289,1.0750804419994893
1793,1215.7382,1.0733597600001303
1794,1192.3319,1.0797146239992799
1795,1212.683,1.0794870600002469
1796,1220.3951,1.0788303300005282
1797,1217.7695,1.0787208740002825
1798,1188.8447,1.07164683100018
1799,1204.4147,1.057197272999474
1800,1193.2943,1.0627514080006222
1801,1203.5261,1.06843415000003
1802,1231.4392,1.0676195169999119
1803,1209.2173,1.0713818670001274
1804,1193.4147,1.0801782910002657
1805,1225.7217,1.0651970389999406
1806,1214.6405,1.0602549920004094
1807,1198.3488,1.0632265980002558
1808,1205.0444,1.061391549000291
1809,1213.4891,1.0668681110000762
1810,1200.2051,1.0622902189998058
1811,1204.7224,1.0625985639999271
1812,1201.1848,1.0640006459998403
1813,1201.4229,1.073891552000532
1814,1209.8723,1.0780306659999042
1815,1195.6301,1.069642882000153
1816,1195.5852,1.0673796860000948
1817,1197.3235,1.0696437879996665
1818,1222.3184,1.0755214319997322
1819,1210.2637,1.0767625159996896
1820,1191.983,1.0717912680001973
1821,1200.4008,1.0661572789995262
1822,1221.5835,1.0773971110002094
1823,1211.926,1.0688605059995098
1824,1204.7744,1.053542799000752
1825,1186.2958,1.055538831999911
1826,1202.4393,1.0581962910000584
1827,1194.5648,1.0833383270000922
1828,1190.3768,1.0848852279996208
1829,1196.9408,1.0715945319998355
1830,1196.3024,1.0684792860001835
1831,1202.1405,1.0592615269997623
1832,1209.4187,1.0793465149999975
1833,1195.5854,1.0768161879996114
1834,1203.9934,1.0768591690002722
1835,1229.6849,1.0722903569994742
1836,1209.2894,1.072891845000413
1837,1187.0917,1.0790506889998142
1838,1198.7462,1.0764168109999446
1839,1195.8954,1.0738125810003112
1840,1205.3839,1.0795395260001897
1841,1211.0104,1.0506339990006381
1842,1225.9889,1.0597532870006034
1843,1214.2958,1.0733080320005683
1844,1202.6166,1.0707232089998797
1845,1201.7891,1.074081273000047
1846,1221.7699,1.0683018570007334
1847,1198.4076,1.0669575050005733
1848,1204.2137,1.0600892340007704
1849,1194.2395,1.0598730930005331
1850,1204.2733,1.0640775299998495
1851,1215.2045,1.0647550869998668
1852,1209.2412,1.0671000520005691
1853,1208.884,1.0496775609999531
1854,1210.6359,1.0725562050001827
1855,1196.9949,1.0722804279994307
1856,1194.6305,1.0787814519999301
1857,1204.9076,1.074034658000528
1858,1225.3248,1.079158412999277
1859,1213.2762,1.078819922000548
1860,1198.0868,1.0755603819998214
1861,1199.9164,1.0759203119996528
1862,1208.2976,1.0595251189997725
1863,1214.837,1.0569932700000209
1864,1216.0588,1.0586069520004457
1865,1223.1865,1.0634969949996957
1866,1212.2517,1.067496841999855
1867,1214.1766,1.0801657729998624
1868,1205.5624,1.0721496120004304
1869,1195.63,1.0776529530003245
1870,1215.2421,1.0707601639996938
1871,1217.9358,1.0725657880002473
1872,1206.9232,1.075171724000029
1873,1205.803,1.0736674960007804
1874,1187.9518,1.0765248919997248
1875,1203.838,1.0596574529999998
1876,1198.7997,1.064097954999852
1877,1197.5814,1.073939576000157
1878,1207.6598,1.0817053419996228
1879,1207.9541,1.0743762040001457
1880,1208.596,1.0576491589999932
1881,1190.2999,1.0703270940002767
1882,1199.7795,1.0645924310001647
1883,1206.0953,1.0710151579996818
1884,1210.1111,1.0664885870000944
1885,1190.0017,1.0839403419995506
1886,1200.9297,1.0766269900004772
1887,1199.4231,1.073346431000573
1888,1215.1444,1.076555749000363
1889,1202.1453,1.072067194999363
1890,1214.2434,1.074658274000285
1891,1202.7054,1.0745155240001623
1892,1202.5297,1.0673622009999235
1893,1204.1132,1.0621150389997638
1894,1194.192,1.0662968400001773
1895,1212.9027,1.060145557999931
1896,1197.2722,1.0564745960000437
1897,1207.5531,1.048335262999899
1898,1206.5118,1.0514241880000554
1899,1230.8401,1.0495922509999218
1900,1203.0082,1.0563826739999058
1901,1208.1239,1.0562937009999587
1902,1208.9135,1.0588440860001356
1903,1206.4877,1.060330606000207
1904,1200.1938,1.060000081999533
1905,1210.7821,1.0581476190000103
1906,1200.6702,1.0592832190004629
1907,1186.6776,1.0658880419996422
1908,1205.6229,1.0640183289997367
1909,1201.7249,1.0708022930002699
1910,1192.2708,1.074775242999749
1911,1193.3926,1.0715041000003112
1912,1200.1237,1.072851842000091
1913,1214.5619,1.0725819830004184
1914,1208.1366,1.075210178000816
1915,1188.7701,1.0716492500005188
1916,1199.2635,1.0729204440003741
1917,1197.5652,1.0607191059998513
1918,1214.1118,1.0601561429994035
1919,1205.5908,1.0577118789997257
1920,1217.6493,1.0549682889995893
1921,1188.9232,1.0740343209999992
1922,1209.459,1.0579009439998117
1923,1214.829,1.05245924799965
1924,1192.9354,1.0747909749998144
1925,1211.4915,1.0743567970002914
1926,1205.0068,1.0732691040002464
1927,1188.7917,1.069715689000077
1928,1206.6683,1.0711567179996564
1929,1203.9907,1.0722808029995576
1930,1199.7417,1.0527092590000393
1931,1218.896,1.079411157999857
1932,1207.4426,1.0723074850002376
1933,1205.8497,1.065818479999507
1934,1194.9762,1.0726475759993264
1935,1181.6926,1.063257890999921
1936,1203.4807,1.0697949179993884
1937,1197.5416,1.0719090419997883
1938,1209.076,1.069273592999707
1939,1203.6719,1.0641193339997699
1940,1219.3698,1.0650913330000549
1941,1213.3174,1.0695702429993617
1942,1213.7981,1.063296662000539
1943,1198.5394,1.0680993059995672
1944,1214.3236,1.0616141480004444
1945,1184.544,1.0674078009997174
1946,1194.0338,1.0640699089999544
1947,1218.3131,1.0528874179999548
1948,1203.7567,1.0639650830007668
1949,1198.2953,1.0604266639993511
1950,1195.7592,1.0613155450000704
1951,1203.1923,1.058697440999822
1952,1208.3456,1.0607098609998502
1953,1188.3955,1.0655947140003263
1954,1196.7952,1.0634667189997344
1955,1203.9238,1.066907135999827
1956,1199.1805,1.0503589059999285
1957,1193.9623,1.0650348819999635
1958,1208.534,1.058615398999791
1959,1192.5721,1.0554001310001695
1960,1204.4596,1.0550527229997897
1961,1202.4924,1.0712321559994962
1962,1238.5355,1.0449762040007045
1963,1245.0394,1.0558384299993122
1964,1264.7216,1.052747325999917
1965,1269.4924,1.063276173000304
1966,1237.6989,1.0555952229997274
1967,1291.8975,1.0437933229995906
1968,1233.1527,1.0338457719999496
1969,1265.8505,1.0612883869998768
1970,1247.5555,1.0709426800003712
1971,1248.3849,1.0704445500005022
1972,1269.2533,1.0504673670002376
1973,1272.6996,1.0481186750002962
1974,1233.6378,1.0655208380003387
1975,1275.8895,1.0696188660003827
1976,1265.5732,1.0620214609998584
1977,1268.0399,1.0628487339999992
1978,1274.2162,1.050500827000178
1979,1261.052,1.0517572869994183
1980,1266.196,1.058175468000627
1981,1250.9895,1.0606599209995693
1982,1235.382,1.0564920839997285
1983,1226.8787,1.0652632109995466
1984,1250.9414,1.064293405999706
1985,1261.7633,1.060626773999502
1986,1252.6881,1.0401284800000212
1987,1278.6827,1.0395261009998649
1988,1253.8048,1.060453576999862
1989,1267.0756,1.067250623000291
1990,1264.9486,1.070872111999961
1991,1222.4087,1.0639869200003886
1992,1253.745,1.059549199000685
1993,1244.8448,1.0596553670002322
1994,1212.2168,1.0682296180002595
1995,1250.2109,1.070222522000222
1996,1243.3889,1.0689835140001378
1997,1263.9794,1.0715700689997902
1998,1270.9037,1.073785539999335
1999,1247.4232,1.0762807060000341
2000,1265.06,1.0730209100001957
2001,1240.2728,1.0631114389998402
2002,1257.8092,1.0957012059998306
2003,1289.252,1.0776329010004702
2004,1229.4762,1.0799476109996249
2005,1266.0801,1.0690465769994262
2006,1261.4447,1.0856079169998338
2007,1253.9252,1.0763889670006392
2008,1275.0045,1.082539732999976
2009,1258.6835,1.056896408999819
2010,1263.3217,1.0554731849997552
2011,1243.6843,1.0610692790005487
2012,1265.1857,1.063918380999894
2013,1250.425,1.0596089529999517
2014,1220.053,1.0705489579995628
2015,1255.8645,1.0590894309998475
2016,1240.101,1.0549046180003643
2017,1248.7488,1.0797454220000873
2018,1239.4753,1.0751465940002163
2019,1235.1029,1.0857316139999966
2020,1266.093,1.086473780000233
2021,1269.0076,1.0683755739992193
2022,1284.5463,1.0619123610003953
2023,1275.6241,1.0426752690000285
2024,1266.9814,1.0668606690005618
2025,1238.404,1.0729599500000404
2026,1212.6567,1.0694476819999181
2027,1276.6693,1.0776477320005142
2028,1226.9592,1.0644257390003986
2029,1271.445,1.0725263310005175
2030,1254.6539,1.0684806999997818
2031,1248.3027,1.067795126999954
2032,1237.1239,1.068742585000109
2033,1278.419,1.0676019849997829
2034,1255.0953,1.0697783909999998
2035,1253.15,1.0762706209998214
2036,1268.8961,1.0732904100004816
2037,1268.5853,1.0687250139999378
2038,1236.2832,1.073474148999594
2039,1262.9913,1.069547524999507
2040,1229.025,1.0679750520002926
2041,1263.8965,1.0674087190000137
2042,1225.819,1.0629628530004993
2043,1250.724,1.0549721140005204
2044,1260.4006,1.0533054620000257
2045,1216.7991,1.071267443000579
2046,1291.8109,1.0691451009997763
2047,1267.3151,1.0751936030001161
2048,1257.3236,1.066856497000117
2049,1264.528,1.0737510480003039
2050,1227.7496,1.0729661920004219
2051,1265.8485,1.0680417160001525
2052,1275.3768,1.0736451479997413
2053,1268.4374,1.0774731049996262
2054,1269.3333,1.07155969500036
2055,1271.2539,1.053393856999719
2056,1258.8092,1.0566971790003663
2057,1263.1351,1.0617780570000832
2058,1281.6797,1.0624167030000535
2059,1266.897,1.060262151999268
2060,1271.009,1.0607263390002117
2061,1293.3005,1.0621523710005931
2062,1281.3822,1.0652231809999648
2063,1259.917,1.067891571000473
2064,1264.3813,1.070616340000015
2065,1300.7188,1.0717575970002144
2066,1283.8519,1.0702316730003076
2067,1282.9518,1.0729671510007392
2068,1288.6467,1.0657547470000281
2069,1271.2987,1.077443950000088
2070,1279.7441,1.0627676679996512
2071,1290.6252,1.0670054350002829
2072,1284.044,1.0760374060000686
2073,1295.7386,1.07009478999953
2074,1287.7255,1.073233760000221
2075,1305.2096,1.0739192990004085
2076,1275.2675,1.0712159619997692
2077,1292.6996,1.0623228210006346
2078,1279.5742,1.0772049180004615
2079,1294.5289,1.0673263759999827
2080,1269.6968,1.0758580589999838
2081,1279.9061,1.0724814619998142
2082,1284.9672,1.0654752660002487
2083,1290.1497,1.0594940029995996
2084,1266.3842,1.0697548169991933
2085,1290.1741,1.072081100000105
2086,1286.7526,1.0648015119995762
2087,1283.29,1.0704620830001659
2088,1274.2891,1.0606561989998227
2089,1308.1663,1.0641980360005618
2090,1304.637,1.0720008839998627
2091,1281.18,1.074419818000024
2092,1282.1005,1.072498176999943
2093,1290.4075,1.0647955389995332
2094,1280.3346,1.0779670580004677
2095,1288.1918,1.0531855620001807
2096,1275.0826,1.0682124289996864
2097,1297.1984,1.0748422709993974
2098,1290.606,1.0699283579997427
2099,1278.2844,1.0650748229991223
2100,1290.5033,1.0693830250002065
2101,1288.8356,1.0719779239998388
2102,1270.661,1.0750148570004967
2103,1268.594,1.066584884999429
2104,1281.9662,1.0671994710000945
2105,1287.9883,1.066371495000567
2106,1278.2294,1.0689166459997068
2107,1282.3683,1.0611772180000116
2108,1271.328,1.0638319620002221
2109,1273.0425,1.0734298930001387
2110,1274.913,1.0713546120005049
2111,1303.026,1.0733368119999795
2112,1299.1614,1.059421929000564
2113,1283.3748,1.057516475999364
2114,1280.5009,1.0713988170000448
2115,1291.3898,1.0758752330002608
2116,1279.6268,1.0774904919999244
2117,1298.3715,1.074559937000231
2118,1289.0145,1.0690319129998898
2119,1289.4672,1.0730554799993115
2120,1287.7693,1.0753769749999265
2121,1290.4302,1.0753825880001386
2122,1278.3905,1.0543159580001884
2123,1268.5042,1.0614657730002364
2124,1281.3303,1.0749548980002146
2125,1298.053,1.0640337390004788
2126,1282.7861,1.0791403630000787
2127,1280.3636,1.064080706999448
2128,1273.701,1.0743497660005232
2129,1291.1708,1.0722644090001268
2130,1284.6044,1.0793087080000987
2131,1288.7604,1.061327078999966
2132,1272.0299,1.073134181999194
2133,1288.713,1.0708078500001648
2134,1272.5468,1.0700934970000162
2135,1276.3593,1.0501149860001533
2136,1280.4705,1.0720976860002338
2137,1304.7864,1.0484321610001643
2138,1286.8859,1.0650033539996002
2139,1285.9628,1.067973277999954
2140,1280.5432,1.069230797000273
2141,1266.7662,1.0730641049995029
2142,1295.0072,1.0690614589993856
2143,1288.4955,1.0724260400002095
2144,1320.3654,1.0702744930003973
2145,1286.246,1.0665592040004412
2146,1283.9143,1.0754079609996552
2147,1306.1791,1.0814804390001882
2148,1298.0879,1.0688623079995523
2149,1260.4617,1.0666423259999647
2150,1288.1146,1.0579344340003445
2151,1264.526,1.0554105549999804
2152,1286.7153,1.0507885240003816
2153,1281.1487,1.0729665730004854
2154,1291.3641,1.0735468940001738
2155,1300.7922,1.0774240190003184
2156,1269.1406,1.072385614000268
2157,1292.32,1.0740091210000173
2158,1289.6333,1.0744896030000746
2159,1288.4879,1.071083499999986
2160,1291.4967,1.077639604000069
2161,1279.5742,1.0700032099994132
2162,1287.9459,1.0633345549995283
2163,1292.9847,1.0565968000000794
2164,1282.9716,1.0572515120002208
2165,1296.901,1.055878761000713
2166,1277.371,1.069557098999212
2167,1286.5117,1.0729680249996818
2168,1292.2928,1.0688017399997989
2169,1295.4691,1.0617642639999758
2170,1281.2598,1.0735760110001138
2171,1270.6239,1.0695746609999333
2172,1285.1044,1.0773690989999523
2173,1291.5021,1.07027435100008
2174,1301.7285,1.0756699319999825
2175,1291.306,1.0701260510004431
2176,1291.2186,1.080620249000276
2177,1283.626,1.071212093000213
2178,1304.195,1.0715404029997444
2179,1288.2539,1.0624882439997236
2180,1298.511,1.0725200500000938
2181,1309.1813,1.0730442829999447
2182,1275.9722,1.0814026309999463
2183,1278.6239,1.0815066539998952
2184,1294.9442,1.0675126659998568
2185,1299.4149,1.0746167170000263
2186,1305.1295,1.0703664949996892
2187,1277.9026,1.0571366280000802
2188,1279.9408,1.0609311779999189
2189,1301.1525,1.0528776129995094
2190,1275.7299,1.0545718040002612
2191,1276.9326,1.0644858619998558
2192,1279.7002,1.0717177970000193
2193,1284.6791,1.0695016660001784
2194,1286.1317,1.0778590429999895
2195,1283.3002,1.0739531320004971
2196,1291.8239,1.075768574999529
2197,1292.0111,1.0736388129998886
2198,1287.6991,1.0707912710004166
2199,1267.3079,1.0736234409996541
2200,1286.8809,1.0788321790005284
2201,1287.9584,1.062385534999521
2202,1281.1927,1.0607197159997668
2203,1282.9567,1.0784572529992147
2204,1279.2877,1.0524600369999462
2205,1282.0107,1.075144029000512
2206,1295.5505,1.078249242000311
2207,1275.8486,1.0729884680004034
2208,1292.7704,1.071302017000562
2209,1290.4507,1.0700243989995215
2210,1278.661,1.072558926000056
2211,1272.9229,1.071776083000259
2212,1309.7899,1.079388242999812
2213,1285.1362,1.0723370329997124
2214,1290.6848,1.0757289319999472
2215,1285.9105,1.0643493229999876
2216,1284.058,1.0573260999999547
2217,1295.5728,1.0585736620005264
2218,1269.6918,1.0492709820000528
2219,1273.8392,1.0637388599998303
2220,1280.3665,1.0741158959999666
2221,1292.5586,1.0750776739996581
2222,1312.3495,1.068121033999887
2223,1287.2401,1.0707301319998805
2224,1279.2012,1.0586413950004498
2225,1265.2806,1.0618255350000254
2226,1280.2805,1.0607536950001304
2227,1273.1823,1.0582960530000491
2228,1285.1917,1.0578743440000835
2229,1291.7754,1.061607419000211
2230,1297.955,1.0834396939999351
2231,1283.3173,1.0551851199998055
2232,1305.6581,1.0680615299997953
2233,1280.369,1.0679476420000356
2234,1293.4274,1.0766762780003774
2235,1286.3193,1.075000015999649
2236,1278.6117,1.0794178220003232
2237,1283.8092,1.072964545999639
2238,1275.3754,1.0532946650000667
2239,1286.5488,1.0557059410002694
2240,1286.8105,1.04766477999965
2241,1284.8177,1.0564301419999538
2242,1300.6523,1.044895467999595
2243,1277.5126,1.0710565520003001
2244,1282.8518,1.06937341900084
2245,1296.4008,1.0754137210005865
2246,1266.0093,1.0602215429998978
2247,1275.287,1.0756720129993482
2248,1274.4706,1.0727181359998212
2249,1281.0134,1.071645004999482
2250,1281.5953,1.072980959999768
2251,1276.1497,1.0709071729997959
2252,1272.8533,1.071307631000309
2253,1290.5022,1.0699656079996203
2254,1289.7001,1.073606524000752
2255,1267.8221,1.0694556170001306
2256,1310.3444,1.059665318000043
2257,1299.0653,1.0793942809996224
2258,1279.2604,1.0550269690002096
2259,1304.7382,1.0641056889999163
2260,1279.5925,1.058289598000556
2261,1288.4457,1.059430479999719
2262,1281.8545,1.0567487859998437
2263,1269.1744,1.0629831659998672
2264,1289.8768,1.0603639920000205
2265,1290.6401,1.0472626139999193
2266,1288.0658,1.077419498999916
2267,1293.339,1.076190742000108
2268,1280.195,1.0733020329998908
2269,1279.5145,1.0692976170003021
2270,1294.1205,1.0681277209996551
2271,1276.2645,1.057751244999963
2272,1308.3047,1.0956188959999054
2273,1291.8317,1.0913458409995656
2274,1290.0361,1.077607060000446
2275,1288.6002,1.08510598400062
2276,1264.8914,1.07488733900027
2277,1278.5602,1.0677341450000313
2278,1278.7748,1.0564949130002788
2279,1276.1686,1.0532391360002293
2280,1281.5333,1.056312618999982
2281,1279.3694,1.0731828260004477
2282,1294.0227,1.0706874919997063
2283,1284.3613,1.0588260770000488
2284,1297.9005,1.0559103689993208
2285,1285.5604,1.0520366820001072
2286,1272.7318,1.0516465930004415
2287,1285.995,1.0475939999996626
2288,1291.3123,1.0413691990006555
2289,1282.6111,1.0613953620004395
2290,1281.1162,1.0754931350002153
2291,1270.4836,1.070079118000649
2292,1285.952,1.0736246529995697
2293,1305.2646,1.0663026580004953
2294,1284.6594,1.0700501689998418
2295,1301.1903,1.0613460659997145
2296,1273.7727,1.0511933959996895
2297,1294.4507,1.0716411449993757
2298,1288.29,1.0478121340001962
2299,1287.9971,1.0513859820002835
2300,1283.9104,1.0674460219997854
2301,1299.3805,1.0752166559996112
2302,1282.7676,1.0688556039995092
2303,1279.6725,1.0782023020001361
2304,1282.2203,1.0714251099998364
2305,1297.4269,1.0694638109998778
2306,1274.0677,1.0736473839997416
2307,1293.8937,1.0723069089999626
2308,1281.2333,1.0718095679994804
2309,1286.6326,1.0558233390001988
2310,1287.2838,1.059754822999821
2311,1286.7487,1.0736066509998636
2312,1303.0414,1.0747736729999815
2313,1293.8356,1.0718857880001451
2314,1280.2386,1.068821441000182
2315,1295.6215,1.0556074230007653
2316,1311.8502,1.057666667000376
2317,1299.2224,1.0668867740005226
2318,1277.4926,1.0559949160006
2319,1268.3235,1.0582608859995162
2320,1281.1742,1.0772859230000904
2321,1288.9062,1.0758939110000938
2322,1285.6361,1.0778934569998455
2323,1269.4316,1.0757938110000396
2324,1279.9001,1.0667832210001507
2325,1288.6409,1.0584013840007174
2326,1280.1631,1.0636170530005984
2327,1289.4541,1.0650844689998848
2328,1282.9325,1.0690725320000638
2329,1289.2284,1.066359461000502
2330,1308.165,1.075243075999424
2331,1283.4095,1.0635701909995987
2332,1297.6803,1.070690255000045
2333,1290.8998,1.0700077709998368
2334,1281.8153,1.0690669289997459
2335,1298.665,1.0699366689996168
2336,1287.0868,1.0640736880004624
2337,1297.6063,1.066948685999705
2338,1272.746,1.0716280289998394
2339,1303.8494,1.06826507400001
2340,1278.3387,1.064817932000551
2341,1295.8514,1.067175693999161
2342,1291.9116,1.0597220999998171
2343,1291.2988,1.0720852189997458
2344,1275.0231,1.0597508789996937
2345,1270.1381,1.0673685390001992
2346,1279.0194,1.0689080410002134
2347,1274.8602,1.0691393170000083
2348,1302.4437,1.0698113889993692
2349,1289.172,1.070884565999222
2350,1296.5242,1.0648440430004484
2351,1274.4136,1.0790287460004038
2352,1295.3535,1.070626775999699
2353,1302.9127,1.072334769999543
2354,1278.3684,1.062763628000539
2355,1311.5848,1.0753139329999613
2356,1274.3096,1.0762857380004789
2357,1291.0967,1.0697665910001888
2358,1292.4691,1.0682483099999445
2359,1267.4374,1.0745647379999355
2360,1287.3752,1.0639668320000055
2361,1281.2104,1.0665903230001277
2362,1290.8055,1.05800555299993
2363,1283.5449,1.0668500159999894
2364,1273.4675,1.0673227229999611
2365,1286.8147,1.0650343450006403
2366,1272.7058,1.0632909989999462
2367,1275.4396,1.0574953759996788
2368,1268.828,1.0786303869999756
2369,1285.1465,1.073957486000836
2370,1278.6969,1.068849506999868
2371,1293.9526,1.073002708999411
2372,1277.0725,1.0725298719999046
2373,1306.6571,1.0727632960006304
2374,1270.5768,1.0698652609999044
2375,1275.0808,1.0736012119996303
2376,1291.6904,1.0699555649998729
2377,1279.1627,1.0591535590001513
2378,1290.1345,1.0523387369994452
2379,1278.9427,1.0804191600000195
2380,1283.3997,1.059469118999914
2381,1307.4846,1.0606292770007713
2382,1284.5765,1.0710394909992829
2383,1285.0005,1.0711804929997015
2384,1287.9482,1.079059622999921
2385,1280.1777,1.0722823979995155
2386,1279.008,1.0743299030000344
2387,1286.9465,1.0725978600003145
2388,1282.1305,1.0738658099999157
2389,1294.9083,1.0837709190000169
2390,1271.3711,1.084530076000192
2391,1289.2063,1.0918057230001068
2392,1278.6936,1.0662032509999335
2393,1277.6423,1.0735849610000514
2394,1279.8531,1.0657291480001732
2395,1291.5146,1.0725782569998046
2396,1283.9144,1.058431011000721
2397,1293.9434,1.0667149930004598
2398,1283.1908,1.0666900740006895
2399,1281.0717,1.0663244569996095
2400,1277.0416,1.0726147599998512
2401,1281.5133,1.073280067000269
2402,1298.0804,1.074791465999624
2403,1294.251,1.0674646259994915
2404,1313.072,1.0584990110000945
2405,1286.0482,1.0616803020002408
2406,1270.2539,1.0733919029999015
2407,1297.7819,1.074242537999453
2408,1302.8672,1.07069382499958
2409,1276.2201,1.0680748590002622
2410,1268.9835,1.0747940940000262
2411,1295.4042,1.0690018550003515
2412,1292.5352,1.0618209460008075
2413,1296.7933,1.065501795000273
2414,1271.7191,1.0736540349998904
2415,1292.1151,1.0658929470000658
2416,1290.3904,1.0700241750000714
2417,1304.2585,1.0624458350002897
2418,1292.8528,1.0770066959994438
2419,1273.4948,1.0664000380002108
2420,1283.3749,1.0447619619999386
2421,1271.7655,1.0600934379999671
2422,1284.943,1.0632951390007293
2423,1284.2119,1.0580242089999956
2424,1297.0703,1.0672217230003298
2425,1300.487,1.0680761029998393
2426,1286.8673,1.0687939299996287
2427,1282.5262,1.0693175699998392
2428,1287.35,1.0706236649994025
2429,1303.6833,1.0689330639997934
2430,1272.5398,1.0721389889995407
2431,1284.3114,1.0644801899998129
2432,1289.3593,1.0639448619995164
2433,1275.543,1.0721406490001755
2434,1270.7235,1.0764458579997154
2435,1291.4672,1.0762060830002156
2436,1284.4362,1.0683128449991273
2437,1288.8375,1.0781611850006811
2438,1305.4154,1.0720260389998657
2439,1288.5028,1.0646802760002174
2440,1276.5087,1.0702081909994376
2441,1284.3064,1.069907123000121
2442,1299.3138,1.0739963899995928
2443,1295.209,1.0676085329996567
2444,1276.0121,1.0601740350002729
2445,1296.218,1.0788053979995311
2446,1275.0953,1.0677846359994874
2447,1290.9144,1.068957638000029
2448,1276.2543,1.0705755620001582
2449,1291.0573,1.0730603940000947
2450,1275.694,1.0771166639997318
2451,1279.4598,1.0756681570001092
2452,1313.2733,1.0699038500006282
2453,1309.2063,1.0605950560002384
2454,1298.5542,1.07121234799979
2455,1271.8174,1.0704842240002108
2456,1296.0135,1.0790763830000287
2457,1289.64,1.0746632230002433
2458,1281.203,1.0730186580003647
2459,1285.4521,1.058347545000288
2460,1288.1768,1.072360645000117
2461,1283.998,1.050456982000469
2462,1296.1016,1.0528088729997762
2463,1305.5372,1.0416811680006504
2464,1282.3016,1.0690672840000843
2465,1295.8158,1.063951549000194
2466,1266.6295,1.076951680000093
2467,1298.4545,1.0707720780001182
2468,1278.788,1.0725259549999464
2469,1273.1107,1.0695956240006126
2470,1282.7188,1.0665571580002506
2471,1302.2399,1.0653623669995795
2472,1278.3949,1.0720155559993145
2473,1298.9492,1.0781431050008905
2474,1302.4785,1.0729741209997883
2475,1283.909,1.0734453819995906
2476,1274.5284,1.0619148329997188
2477,1290.7021,1.0744419290003862
2478,1285.6571,1.07502409099925
2479,1290.8196,1.0618183380001938
2480,1277.6796,1.0586380700005975
2481,1300.9882,1.0576674640005876
2482,1279.2982,1.0591786120003235
2483,1282.8799,1.0683241639999324
2484,1292.9808,1.0672852920006335
2485,1270.5127,1.0758924779993322
2486,1272.1317,1.0698873920000551
2487,1305.3453,1.0683044190000146
2488,1280.6725,1.0701763080005549
2489,1285.8029,1.058182931000374
2490,1282.369,1.0536127169998508
2491,1286.5084,1.0552756950000912
2492,1297.5337,1.0603328749994034
2493,1291.8118,1.0686573960001624
2494,1286.4146,1.0787796140002683
2495,1276.8828,1.071020186000169
2496,1279.8958,1.0712653440004942
2497,1306.8414,1.0636872559998665
2498,1308.7913,1.0527821060004499
2499,1297.7338,1.0550032609999107
