generation,best_fitness,elapsed
000,[0.79655415],2.247
001,[0.79655415],0.922
002,[0.79655415],0.914
003,[0.79655415],0.967
004,[0.79655415],1.164
005,[0.79655415],1.158
006,[0.79673064],1.265
007,[0.79673064],1.169
008,[0.79673064],1.042
009,[0.79673064],0.850
010,[0.79673064],3.546
011,[0.79673064],0.869
012,[0.79673064],0.830
013,[0.79673064],0.912
014,[0.79673064],1.067
015,[0.79673064],1.067
016,[0.79673064],1.149
017,[0.79673064],1.053
018,[0.79673064],0.871
019,[0.79673064],0.893
020,[0.79673064],0.913
021,[0.79673064],1.069
022,[0.79673064],0.969
023,[0.79673064],0.973
024,[0.79673064],0.898
025,[0.79673064],0.891
026,[0.79673064],0.879
027,[0.79673064],0.883
028,[0.79673064],0.873
029,[0.79673064],0.988
030,[0.79673064],0.990
031,[0.79673064],0.871
032,[0.79673064],1.012
033,[0.79673064],0.999
034,[0.79673064],0.910
035,[0.79673064],1.001
036,[0.79673064],0.971
037,[0.79673064],0.979
038,[0.79673064],0.885
039,[0.79673064],1.019
040,[0.79673064],0.989
041,[0.7968858],0.954
042,[0.7968858],0.899
043,[0.7968858],0.892
044,[0.7968858],1.039
045,[0.7968858],0.992
046,[0.7968883],0.951
047,[0.7968883],1.055
048,[0.7968883],1.081
049,[0.7968883],0.863
050,[0.7968883],0.921
051,[0.7968883],0.899
052,[0.7968883],1.016
053,[0.798099],0.940
054,[0.7999313],0.999
055,[0.7999313],0.875
056,[0.7999313],0.998
057,[0.7999313],0.991
058,[0.79995286],0.905
059,[0.79995286],0.929
060,[0.79995286],0.972
061,[0.79995286],1.000
062,[0.79995286],0.955
063,[0.79996854],1.098
064,[0.79996854],1.060
065,[0.79996854],0.875
066,[0.79996854],1.025
067,[0.79996854],0.972
068,[0.80035543],0.998
069,[0.8003761],1.000
070,[0.8003761],1.009
071,[0.8006593],0.983
072,[0.8006593],0.891
073,[0.8006593],0.943
074,[0.8006593],1.001
075,[0.8006593],1.016
076,[0.8006593],1.031
077,[0.80075294],0.907
078,[0.80075294],1.106
079,[0.80075294],0.892
080,[0.80075294],0.997
081,[0.80075294],1.028
082,[0.80075294],0.969
083,[0.80075294],1.051
084,[0.80075294],0.989
085,[0.80075294],0.977
086,[0.80075294],0.872
087,[0.80075294],0.908
088,[0.80075294],1.008
089,[0.80075294],0.988
090,[0.80075294],0.883
091,[0.80075294],0.862
092,[0.80075294],0.891
093,[0.80075294],0.993
094,[0.80075294],1.073
095,[0.80075294],1.045
096,[0.80075294],0.869
097,[0.80075294],1.020
098,[0.80075294],0.973
099,[0.80075294],0.883
100,[0.80075294],0.903
101,[0.80075294],0.982
102,[0.80075294],0.967
103,[0.80075294],0.961
104,[0.80075294],0.859
105,[0.80075294],0.894
106,[0.805786],0.904
107,[0.805786],0.912
108,[0.8078116],0.917
109,[0.8078116],1.045
110,[0.8078116],1.202
111,[0.8078116],1.084
112,[0.8078116],0.862
113,[0.8211044],1.025
114,[0.83869094],0.989
115,[0.84234035],0.853
116,[0.84234035],0.916
117,[0.84234035],1.022
118,[0.84234035],0.941
119,[0.84234035],0.987
120,[0.84234035],0.876
121,[0.84234035],1.028
122,[0.84234035],0.985
123,[0.844043],1.020
124,[0.844043],0.978
125,[0.844043],1.140
126,[0.844043],1.002
127,[0.844043],0.893
128,[0.844043],0.915
129,[0.844043],1.036
130,[0.844043],0.973
131,[0.844043],0.857
132,[0.844043],0.981
133,[0.844043],0.990
134,[0.844043],0.855
135,[0.844043],0.903
136,[0.844043],0.862
137,[0.844043],1.048
138,[0.844043],0.874
139,[0.844043],0.903
140,[0.844043],0.867
141,[0.844043],1.093
142,[0.844043],0.976
143,[0.844043],0.846
144,[0.844043],0.928
145,[0.844043],0.967
146,[0.844043],1.058
147,[0.844043],0.994
148,[0.844043],0.997
149,[0.844043],1.002
150,[0.844043],0.975
151,[0.844043],0.874
152,[0.844043],0.924
153,[0.844043],0.879
154,[0.844043],0.890
155,[0.844043],0.852
156,[0.844043],1.015
157,[0.844043],1.102
158,[0.844043],0.989
159,[0.844043],0.870
160,[0.844043],1.012
161,[0.844043],0.937
162,[0.844043],0.981
163,[0.844043],0.919
164,[0.844043],1.036
165,[0.844043],0.903
166,[0.844043],0.902
167,[0.844043],0.876
168,[0.844043],0.899
169,[0.844043],0.944
170,[0.844043],0.995
171,[0.844043],0.939
172,[0.844043],1.099
173,[0.844043],1.057
174,[0.844043],0.877
175,[0.844043],1.030
176,[0.844043],1.037
177,[0.844043],0.995
178,[0.844043],0.977
179,[0.844043],0.987
180,[0.844043],1.015
181,[0.844043],0.977
182,[0.844043],0.888
183,[0.844043],0.868
184,[0.844043],0.891
185,[0.844043],0.908
186,[0.844043],0.901
187,[0.844043],0.879
188,[0.844043],1.114
189,[0.844043],0.880
190,[0.844043],0.891
191,[0.844043],0.985
192,[0.844043],0.990
193,[0.844043],0.865
194,[0.844043],0.891
195,[0.844043],0.903
196,[0.844043],0.907
197,[0.844043],0.995
198,[0.844043],0.957
199,[0.844043],0.994
200,[0.844043],0.891
201,[0.844043],1.178
202,[0.844043],1.158
203,[0.844043],1.188
204,[0.844043],1.193
205,[0.844043],1.126
206,[0.844043],1.035
207,[0.844043],1.090
208,[0.844043],1.054
209,[0.844043],0.991
210,[0.844043],0.979
211,[0.844043],1.003
212,[0.844043],0.998
213,[0.844043],0.971
214,[0.844043],1.016
215,[0.844043],0.981
216,[0.844043],0.993
217,[0.844043],0.859
218,[0.844043],0.981
219,[0.844043],1.018
220,[0.844043],0.883
221,[0.844043],0.914
222,[0.844043],1.007
223,[0.844043],0.889
224,[0.844043],0.895
225,[0.844043],1.011
226,[0.844043],0.898
227,[0.844043],0.924
228,[0.844043],0.876
229,[0.844043],0.916
230,[0.844043],0.883
231,[0.844043],0.905
232,[0.844043],0.951
233,[0.844043],0.964
234,[0.844043],1.110
235,[0.844043],1.029
236,[0.844043],0.912
237,[0.844043],1.015
238,[0.844043],0.887
239,[0.844043],0.869
240,[0.844043],0.986
241,[0.844043],0.948
242,[0.844043],0.982
243,[0.844043],0.889
244,[0.844043],1.026
245,[0.844043],0.955
246,[0.844043],1.133
247,[0.844043],0.901
248,[0.844043],1.002
249,[0.844043],1.035
250,[0.844043],1.130
251,[0.844043],1.041
252,[0.844043],0.975
253,[0.844043],0.999
254,[0.844043],0.973
255,[0.844043],1.007
256,[0.844043],1.081
257,[0.844043],0.879
258,[0.844043],0.878
259,[0.844043],1.050
260,[0.844043],0.909
261,[0.844043],3.330
262,[0.844043],0.854
263,[0.844043],0.860
264,[0.844043],0.898
265,[0.844043],0.898
266,[0.844043],1.015
267,[0.844043],0.857
268,[0.844043],0.953
269,[0.844043],0.886
270,[0.844043],1.016
271,[0.844043],0.970
272,[0.844043],0.961
273,[0.844043],0.854
274,[0.844043],0.887
275,[0.844043],0.927
276,[0.844043],1.040
277,[0.844043],0.971
278,[0.844043],1.104
279,[0.844043],0.919
280,[0.844043],1.052
281,[0.844043],0.894
282,[0.844043],1.008
283,[0.844043],0.937
284,[0.844043],0.965
285,[0.844043],0.872
286,[0.844043],0.917
287,[0.844043],0.863
288,[0.844043],0.923
289,[0.844043],1.033
290,[0.844043],0.874
291,[0.844043],1.027
292,[0.844043],0.947
293,[0.844043],1.022
294,[0.844043],1.245
295,[0.844043],1.066
296,[0.844043],0.876
297,[0.844043],0.865
298,[0.844043],1.027
299,[0.844043],0.876
300,[0.844043],0.865
301,[0.844043],0.994
302,[0.844043],0.963
303,[0.844043],0.982
304,[0.844043],0.875
305,[0.844043],1.014
306,[0.844043],0.974
307,[0.844043],0.858
308,[0.844043],0.901
309,[0.844043],1.134
310,[0.844043],0.911
311,[0.844043],0.880
312,[0.844043],0.885
313,[0.844043],0.892
314,[0.844043],0.911
315,[0.844043],0.886
316,[0.844043],0.923
317,[0.844043],0.894
318,[0.844043],0.916
319,[0.844043],1.007
320,[0.844043],1.026
321,[0.844043],0.926
322,[0.844043],1.088
323,[0.844043],0.973
324,[0.844043],0.910
325,[0.844043],1.116
326,[0.844043],0.956
327,[0.844043],0.853
328,[0.844043],0.909
329,[0.844043],0.899
330,[0.844043],0.925
331,[0.844043],1.014
332,[0.844043],0.986
333,[0.844043],0.997
334,[0.844043],1.005
335,[0.844043],0.871
336,[0.844043],0.972
337,[0.844043],1.024
338,[0.844043],0.889
339,[0.844043],1.018
340,[0.844043],0.965
341,[0.844043],1.101
342,[0.844043],0.991
343,[0.844043],0.977
344,[0.8440431],0.958
345,[0.8440431],0.892
346,[0.84489024],0.886
347,[0.84489024],0.910
348,[0.84489024],0.917
349,[0.84489024],1.012
350,[0.84489024],0.964
351,[0.84489024],1.003
352,[0.84489024],0.905
353,[0.84489024],0.897
354,[0.84489024],1.009
355,[0.84489024],0.952
356,[0.84489024],1.088
357,[0.84489024],1.062
358,[0.84489024],0.897
359,[0.84489024],1.017
360,[0.84489024],0.957
361,[0.84489024],1.039
362,[0.84489024],0.867
363,[0.84489024],0.918
364,[0.84489024],0.875
365,[0.84489024],0.919
366,[0.84489024],0.870
367,[0.84489024],0.892
368,[0.84489024],0.906
369,[0.84489024],0.877
370,[0.84489024],0.905
371,[0.84489024],0.967
372,[0.84489024],1.087
373,[0.84489024],1.015
374,[0.84489024],0.855
375,[0.84489024],0.860
376,[0.84489024],0.982
377,[0.84489024],0.967
378,[0.84489024],0.888
379,[0.84489024],0.899
380,[0.84489024],0.903
381,[0.84489024],0.907
382,[0.84489024],0.895
383,[0.84489024],0.890
384,[0.84489024],1.066
385,[0.84489024],0.978
386,[0.84489024],0.972
387,[0.84489024],0.868
388,[0.84489024],0.981
389,[0.84489024],1.012
390,[0.84489024],0.960
391,[0.84489024],0.982
392,[0.84489024],0.994
393,[0.84489024],0.855
394,[0.84489024],0.995
395,[0.84489024],1.044
396,[0.84489024],1.003
397,[0.84489024],0.866
398,[0.84489024],0.888
399,[0.84489024],0.985
400,[0.84489024],0.983
401,[0.84489024],0.858
402,[0.84489024],0.923
403,[0.84489024],0.993
404,[0.84489024],1.219
405,[0.84861374],1.111
406,[0.84861374],0.940
407,[0.84861374],0.865
408,[0.84861374],0.906
409,[0.84861374],0.952
410,[0.84861374],0.970
411,[0.84861374],1.015
412,[0.84861374],1.006
413,[0.84861374],1.004
414,[0.84861374],0.885
415,[0.84861374],0.909
416,[0.84861374],0.887
417,[0.84861374],0.912
418,[0.84861374],0.985
419,[0.84861374],1.052
420,[0.84861374],1.028
421,[0.84861374],0.881
422,[0.84861374],0.891
423,[0.84861374],0.978
424,[0.84861374],0.942
425,[0.84861374],0.993
426,[0.84861374],0.849
427,[0.84861374],0.872
428,[0.84861374],0.924
429,[0.84861374],0.883
430,[0.84861374],0.922
431,[0.84861374],0.997
432,[0.84861374],0.954
433,[0.84861374],0.973
434,[0.84861374],0.856
435,[0.84861374],1.096
436,[0.84861374],0.917
437,[0.84861374],0.969
438,[0.84861374],0.976
439,[0.84861374],0.995
440,[0.84861374],0.862
441,[0.8486139],1.004
442,[0.8486139],0.984
443,[0.8486139],0.870
444,[0.8486139],0.908
445,[0.8486139],0.870
446,[0.8486139],0.964
447,[0.8486139],1.022
448,[0.8486139],0.961
449,[0.8486139],1.024
450,[0.8486139],0.971
451,[0.8486139],1.107
452,[0.8486139],1.019
453,[0.84977543],0.882
454,[0.84977543],1.011
455,[0.8498732],0.937
456,[0.8498732],1.012
457,[0.8498732],0.893
458,[0.8498732],0.929
459,[0.8498732],0.995
460,[0.8498732],0.954
461,[0.8498732],0.951
462,[0.8498732],0.881
463,[0.8498732],0.882
464,[0.8498732],0.990
465,[0.8498732],0.953
466,[0.8498732],1.002
467,[0.8498732],1.052
468,[0.8498732],0.965
469,[0.8498732],1.003
470,[0.8498732],0.977
471,[0.8498732],1.012
472,[0.8498732],0.967
473,[0.8498732],0.917
474,[0.8498732],0.906
475,[0.8498732],0.979
476,[0.8498732],0.945
477,[0.8498732],1.023
478,[0.8498732],0.882
479,[0.8498732],1.008
480,[0.8498732],0.978
481,[0.8498732],0.993
482,[0.8498732],1.176
483,[0.8498732],1.021
484,[0.8498732],0.992
485,[0.8498732],0.865
486,[0.8498732],0.894
487,[0.8498732],0.900
488,[0.8498732],0.905
489,[0.8498732],1.008
490,[0.8498732],0.962
491,[0.8498732],0.980
492,[0.8498732],0.862
493,[0.8498732],0.990
494,[0.8498732],0.943
495,[0.8498732],1.018
496,[0.8498732],0.877
497,[0.8498732],1.029
498,[0.8498732],1.186
499,[0.8498732],1.090
500,[0.8498732],0.867
501,[0.8498732],0.851
502,[0.8498732],0.955
503,[0.8498732],0.937
504,[0.8498732],0.963
505,[0.8498732],0.863
506,[0.8498732],0.906
507,[0.8498732],0.877
508,[0.8498732],0.918
509,[0.8498732],0.914
510,[0.8498732],1.040
511,[0.8498732],0.967
512,[0.8498732],3.523
513,[0.8498732],0.886
514,[0.8498732],0.861
515,[0.8498732],0.852
516,[0.8498732],0.849
517,[0.8498732],0.862
518,[0.8498732],0.965
519,[0.8498732],1.017
520,[0.8498732],0.994
521,[0.8498732],0.857
522,[0.8498732],0.896
523,[0.8498732],0.861
524,[0.8498732],0.984
525,[0.8498732],0.971
526,[0.8498732],0.844
527,[0.8498732],1.093
528,[0.8498732],0.949
529,[0.8498732],0.895
530,[0.8498732],0.896
531,[0.8498732],0.924
532,[0.8498732],1.003
533,[0.8498732],0.943
534,[0.8498732],0.973
535,[0.8498732],0.874
536,[0.8498732],0.868
537,[0.8498732],0.897
538,[0.8498732],0.872
539,[0.8498732],0.966
540,[0.8511559],0.954
541,[0.8528543],1.011
542,[0.85299385],0.880
543,[0.85299385],1.092
544,[0.85299385],0.935
545,[0.85299385],0.894
546,[0.85299385],0.906
547,[0.85299385],0.911
548,[0.85299385],0.874
549,[0.85299385],0.888
550,[0.85299385],0.896
551,[0.85299385],0.955
552,[0.85299385],0.993
553,[0.85299385],0.872
554,[0.85299385],0.903
555,[0.85299385],0.889
556,[0.85299385],0.895
557,[0.85299385],0.923
558,[0.85299385],0.880
559,[0.85299385],1.122
560,[0.85299385],0.910
561,[0.85299385],0.882
562,[0.85299385],0.908
563,[0.85299385],1.048
564,[0.85299385],0.968
565,[0.85299385],0.982
566,[0.85299385],0.888
567,[0.85299385],0.903
568,[0.85299385],0.896
569,[0.85299385],0.907
570,[0.85299385],0.880
571,[0.85299385],0.943
572,[0.85299385],0.998
573,[0.85299385],0.993
574,[0.85299385],1.005
575,[0.85299385],1.128
576,[0.85299385],1.057
577,[0.85299385],0.845
578,[0.85299385],1.068
579,[0.85299385],0.963
580,[0.85299385],0.956
581,[0.85299385],0.942
582,[0.85299385],1.044
583,[0.85299385],0.989
584,[0.85299385],0.874
585,[0.85299385],0.917
586,[0.85299385],0.974
587,[0.85299385],0.949
588,[0.85299385],0.985
589,[0.85299385],0.851
590,[0.85299385],1.095
591,[0.85299385],1.120
592,[0.85299385],1.052
593,[0.85299385],0.983
594,[0.85299385],0.977
595,[0.85299385],0.860
596,[0.85299385],0.980
597,[0.85299385],0.999
598,[0.85299385],0.970
599,[0.85299385],0.879
600,[0.85299385],0.874
601,[0.85299385],0.906
602,[0.85299385],0.907
603,[0.85299385],0.882
604,[0.85299385],0.916
605,[0.85299385],0.871
606,[0.85299385],1.147
607,[0.85299385],1.081
608,[0.85299385],0.845
609,[0.85299385],0.938
610,[0.85299385],0.912
611,[0.85299385],0.902
612,[0.85299385],0.907
613,[0.85299385],1.025
614,[0.85299385],0.953
615,[0.85299385],0.968
616,[0.85299385],0.872
617,[0.85299385],0.980
618,[0.85299385],0.947
619,[0.85299385],0.966
620,[0.85299385],0.866
621,[0.85299385],0.904
622,[0.85299385],1.003
623,[0.85299385],0.928
624,[0.85299385],0.984
625,[0.85299385],0.954
626,[0.85299385],0.986
627,[0.85299385],0.867
628,[0.85299385],1.018
629,[0.85299385],0.995
630,[0.85299385],0.971
631,[0.85299385],0.909
632,[0.85299385],0.909
633,[0.85299385],1.076
634,[0.85299385],1.142
635,[0.85299385],1.243
636,[0.85299385],1.147
637,[0.85299385],1.181
638,[0.85299385],1.038
639,[0.85299385],0.965
640,[0.85299385],0.875
641,[0.85299385],0.884
642,[0.85299385],0.871
643,[0.85299385],1.013
644,[0.85299385],0.917
645,[0.85299385],0.876
646,[0.85299385],0.976
647,[0.85299385],0.982
648,[0.85299385],1.009
649,[0.85299385],1.000
650,[0.85299385],0.989
651,[0.85299385],0.973
652,[0.85299385],1.093
653,[0.85299385],0.954
654,[0.85299385],0.982
655,[0.85299385],0.988
656,[0.85299385],0.983
657,[0.85299385],0.889
658,[0.85299385],0.903
659,[0.85299385],0.880
660,[0.85299385],0.871
661,[0.85299385],0.919
662,[0.85299385],0.959
663,[0.85299385],0.951
664,[0.85299385],0.998
665,[0.85299385],0.874
666,[0.85299385],1.067
667,[0.85299385],0.900
668,[0.85299385],1.146
669,[0.85299385],1.042
670,[0.8533725],0.886
671,[0.8533725],0.895
672,[0.8533725],0.870
673,[0.8533725],0.960
674,[0.8533725],0.975
675,[0.8533725],0.880
676,[0.8533725],0.910
677,[0.8533725],0.906
678,[0.8533725],0.849
679,[0.8533725],0.902
680,[0.8533725],0.955
681,[0.8533725],0.944
682,[0.8533725],1.008
683,[0.8533725],0.871
684,[0.8533725],1.089
685,[0.8533725],0.937
686,[0.8533725],1.004
687,[0.8533725],0.856
688,[0.8533725],0.962
689,[0.8533725],0.872
690,[0.8533725],0.910
691,[0.8533725],0.964
692,[0.8533725],0.969
693,[0.8533725],0.858
694,[0.8533725],0.981
695,[0.8533725],0.971
696,[0.8533725],0.873
697,[0.8533725],0.903
698,[0.8533725],1.020
699,[0.8533725],1.060
700,[0.8533725],1.201
701,[0.8533725],1.110
702,[0.8533725],1.030
703,[0.8533725],1.006
704,[0.8533725],1.038
705,[0.8533725],0.928
706,[0.8536589],1.064
707,[0.8536589],1.033
708,[0.8536589],1.104
709,[0.8536589],1.068
710,[0.8536589],0.950
711,[0.8536589],1.041
712,[0.8536589],0.999
713,[0.8536589],0.966
714,[0.8536589],0.995
715,[0.8536589],1.061
716,[0.8536589],0.888
717,[0.8536589],0.885
718,[0.8536589],1.000
719,[0.85380095],0.968
720,[0.85380095],1.009
721,[0.85380095],0.974
722,[0.85380095],0.976
723,[0.85380095],0.892
724,[0.85380095],0.906
725,[0.85380095],0.905
726,[0.85380095],0.920
727,[0.85380095],0.970
728,[0.85380095],0.973
729,[0.85380095],0.966
730,[0.85380095],1.098
731,[0.85380095],1.051
732,[0.85380095],0.938
733,[0.85380095],0.869
734,[0.85380095],0.915
735,[0.85380095],0.985
736,[0.85380095],1.008
737,[0.85380095],0.871
738,[0.85380095],1.012
739,[0.85380095],0.859
740,[0.85380095],0.900
741,[0.85380095],1.008
742,[0.85380095],0.957
743,[0.85380095],0.856
744,[0.85380095],0.894
745,[0.85380095],0.885
746,[0.85380095],1.076
747,[0.85380095],0.901
748,[0.85380095],0.862
749,[0.85380095],0.890
750,[0.85380095],0.910
751,[0.85380095],0.884
752,[0.85380095],1.004
753,[0.85380095],0.956
754,[0.85380095],0.947
755,[0.85380095],0.897
756,[0.85380095],0.887
757,[0.85380095],1.008
758,[0.85380095],0.860
759,[0.85380095],0.913
760,[0.85380095],0.989
761,[0.85380095],3.603
762,[0.85380095],0.954
763,[0.85380095],0.951
764,[0.85380095],0.963
765,[0.8538751],0.831
766,[0.8538751],0.833
767,[0.8538751],0.885
768,[0.8538751],0.927
769,[0.8538751],0.885
770,[0.8538751],0.887
771,[0.8538751],0.862
772,[0.8538751],1.028
773,[0.8538751],0.877
774,[0.8538751],0.914
775,[0.8538751],1.129
776,[0.8538751],1.032
777,[0.8538751],1.012
778,[0.8538751],0.862
779,[0.8538751],0.925
780,[0.8538751],0.861
781,[0.8538751],0.877
782,[0.8538751],0.886
783,[0.8538751],0.991
784,[0.8538751],0.965
785,[0.8538751],0.875
786,[0.8538751],0.893
787,[0.8538751],0.905
788,[0.8538751],0.897
789,[0.8538751],1.010
790,[0.8538751],1.002
791,[0.8538751],1.143
792,[0.8538751],1.132
793,[0.8538751],0.952
794,[0.8538751],0.867
795,[0.8538751],0.928
796,[0.8538751],0.875
797,[0.8538751],0.896
798,[0.8538751],0.884
799,[0.8538751],0.864
800,[0.8538751],0.933
801,[0.8538751],0.881
802,[0.8538751],0.895
803,[0.8538751],0.996
804,[0.8538751],0.963
805,[0.8538751],0.968
806,[0.8538751],0.864
807,[0.8538751],1.126
808,[0.8538751],1.009
809,[0.8538751],0.874
810,[0.8538751],0.984
811,[0.8538751],0.981
812,[0.8538751],0.857
813,[0.8538751],0.914
814,[0.8538751],0.879
815,[0.8538751],0.883
816,[0.8538751],0.875
817,[0.8538751],0.978
818,[0.8538751],0.942
819,[0.8538751],1.026
820,[0.8538751],1.023
821,[0.8538751],0.984
822,[0.8538751],0.850
823,[0.8538751],1.077
824,[0.8538751],0.891
825,[0.8538751],0.977
826,[0.8538751],0.948
827,[0.8538751],0.983
828,[0.8538751],0.881
829,[0.8538751],0.992
830,[0.8538751],0.939
831,[0.8538751],0.962
832,[0.8538751],0.863
833,[0.8538751],0.887
834,[0.8538751],1.027
835,[0.8538751],0.858
836,[0.8538751],0.928
837,[0.8538751],0.868
838,[0.8538751],0.904
839,[0.8538751],1.169
840,[0.8538751],1.139
841,[0.8538751],1.055
842,[0.8538751],0.879
843,[0.8538751],0.885
844,[0.8538751],0.896
845,[0.8538751],0.889
846,[0.8538751],0.912
847,[0.8538751],0.896
848,[0.8538751],0.895
849,[0.8538751],0.891
850,[0.8538751],0.914
851,[0.8538751],0.993
852,[0.8538751],0.873
853,[0.8538751],0.871
854,[0.8538751],1.005
855,[0.8538751],1.070
856,[0.8538751],1.048
857,[0.8538751],0.862
858,[0.8538751],1.007
859,[0.8538751],0.982
860,[0.8538751],0.876
861,[0.8538751],0.910
862,[0.8538751],0.877
863,[0.8538751],1.013
864,[0.8538751],0.870
865,[0.8538751],0.894
866,[0.8538751],0.853
867,[0.8538751],0.875
868,[0.8538751],0.922
869,[0.8538751],0.906
870,[0.8538751],1.032
871,[0.8538751],1.095
872,[0.8538751],1.003
873,[0.8538751],0.887
874,[0.8538751],1.013
875,[0.8538751],0.989
876,[0.8538751],0.868
877,[0.8538751],0.881
878,[0.8538751],1.141
879,[0.8538751],1.192
880,[0.8538751],1.041
881,[0.8538751],1.140
882,[0.8538751],0.996
883,[0.8538751],0.880
884,[0.8538751],0.915
885,[0.8538751],0.921
886,[0.8538751],1.192
887,[0.8538751],1.068
888,[0.8538751],0.902
889,[0.8538751],0.876
890,[0.8538751],0.996
891,[0.8538751],0.964
892,[0.8538751],0.894
893,[0.8538751],0.896
894,[0.8538751],0.884
895,[0.8538751],0.896
896,[0.8538751],0.888
897,[0.8538751],0.925
898,[0.8538751],0.893
899,[0.8538751],0.936
900,[0.8538751],0.998
901,[0.8538751],0.934
902,[0.8538751],1.119
903,[0.8538751],1.010
904,[0.8538751],0.880
905,[0.8538751],0.891
906,[0.8538751],0.921
907,[0.8538751],0.897
908,[0.8538751],0.894
909,[0.8538751],1.017
910,[0.8538751],0.956
911,[0.8538751],0.955
912,[0.8538751],0.873
913,[0.8538751],1.019
914,[0.8538751],0.944
915,[0.8538751],0.964
916,[0.8538751],0.866
917,[0.8538751],1.022
918,[0.8538751],1.075
919,[0.8538751],1.008
920,[0.8538751],0.878
921,[0.8538751],0.898
922,[0.8538751],0.970
923,[0.8538751],0.931
924,[0.8538751],0.978
925,[0.8538751],0.873
926,[0.8538751],0.973
927,[0.8538751],0.941
928,[0.8538751],1.022
929,[0.8538751],0.854
930,[0.8538751],0.981
931,[0.8538751],0.948
932,[0.8538751],0.967
933,[0.8538751],1.076
934,[0.8538751],1.044
935,[0.8538751],0.985
936,[0.8538751],0.998
937,[0.8538751],0.869
938,[0.8538751],0.880
939,[0.8538751],0.913
940,[0.8538751],0.878
941,[0.8538751],0.893
942,[0.8538751],0.977
943,[0.8538751],1.003
944,[0.8538751],0.975
945,[0.8538751],1.053
946,[0.8538751],0.965
947,[0.8538751],0.984
948,[0.8538751],0.862
949,[0.8538751],0.969
950,[0.8538751],1.064
951,[0.8538751],0.864
952,[0.8538751],0.896
953,[0.8538751],0.906
954,[0.8538751],0.880
955,[0.8538751],0.968
956,[0.8538751],0.994
957,[0.8538751],0.962
958,[0.8538751],0.874
959,[0.8538751],0.923
960,[0.8538751],1.023
961,[0.8538751],0.943
962,[0.8538751],1.001
963,[0.8538751],1.038
964,[0.8538751],1.030
965,[0.8538751],1.073
966,[0.8538751],0.907
967,[0.8538751],0.983
968,[0.8538751],1.009
969,[0.8538751],0.888
970,[0.8538751],0.906
971,[0.8538751],1.032
972,[0.8538751],0.935
973,[0.8538751],0.989
974,[0.8538751],0.873
975,[0.8538751],0.990
976,[0.8538751],0.982
977,[0.8538751],0.860
978,[0.8538751],0.910
979,[0.8538751],0.868
980,[0.8538751],1.097
981,[0.8538751],0.931
982,[0.8538751],0.879
983,[0.8538751],0.893
984,[0.8538751],1.005
985,[0.8538751],0.968
986,[0.8538751],0.869
987,[0.8538751],0.911
988,[0.8538751],0.876
989,[0.8538751],0.912
990,[0.8538751],0.898
991,[0.8538751],0.899
992,[0.8538751],0.863
993,[0.8538751],0.982
994,[0.8538751],0.977
995,[0.8538751],0.847
996,[0.8538751],1.017
997,[0.8538751],1.148
998,[0.8538751],1.050
999,[0.8538751],0.953
