iteration,max_fitness,time,test_accuracy
0,-1.8930045,0.0,-2.342982
1,-1.9815055,5.078210115432739,[-2.342982]
2,-2.2157996,3.3832433223724365,[-2.342982]
3,-1.9695244,3.488581895828247,[-2.342982]
4,-0.97887254,3.368560314178467,[-1.3959212]
5,-0.9956401,3.224809169769287,[-1.3959212]
6,-0.560325,3.3916678428649902,[-0.76644874]
7,-0.6156961,3.4065537452697754,[-0.76644874]
8,-0.561121,3.345309019088745,[-0.76644874]
9,-0.22554483,3.4215688705444336,[-0.14324926]
10,-0.21390739,3.466261386871338,[-0.14324926]
11,-0.20826446,3.3662166595458984,[-0.14324926]
12,-0.18506041,3.2542150020599365,[-0.14324926]
13,0.06306359,3.3174586296081543,[0.09605096]
14,0.035435926,3.4659218788146973,[0.09605096]
15,0.10462128,3.3074655532836914,[0.09605096]
16,0.044686686,3.3398244380950928,[0.09605096]
17,0.10702257,5.270848751068115,[0.09605096]
18,0.05713108,3.4721763134002686,[0.09605096]
19,0.09340801,3.4342784881591797,[0.09605096]
20,0.059007313,3.401793956756592,[0.09605096]
21,0.068739995,3.3924148082733154,[0.09605096]
22,0.14101486,3.3815393447875977,[0.12840578]
23,0.11827394,3.3933167457580566,[0.09605096]
24,0.10406681,3.297652244567871,[0.12840578]
25,0.13874863,3.3291804790496826,[0.16465855]
26,0.13686466,3.2961506843566895,[0.16465855]
27,0.150898,3.4916985034942627,[0.16465855]
28,0.15212436,3.4143941402435303,[0.16465855]
29,0.15497287,3.3239035606384277,[0.16465855]
30,0.14489503,3.443992853164673,[0.16465855]
31,0.13516235,3.3444175720214844,[0.16465855]
32,0.14459425,3.2908248901367188,[0.16465855]
33,0.15051794,3.4521405696868896,[0.16465855]
34,0.135355,3.467778205871582,[0.16465855]
35,0.13889629,3.5144760608673096,[0.16465855]
36,0.13969104,3.390026569366455,[0.16465855]
37,0.13936938,3.3381645679473877,[0.16465855]
38,0.14147027,3.4514966011047363,[0.16465855]
39,0.14008628,3.4188733100891113,[0.16465855]
40,0.14411946,4.593151330947876,[0.16465855]
41,0.15231198,3.509779691696167,[0.16465855]
42,0.13731015,3.451481819152832,[0.16465855]
43,0.14714313,3.43387508392334,[0.16465855]
44,0.14958234,3.356121063232422,[0.16465855]
45,0.14762896,3.4042696952819824,[0.16465855]
46,0.13004135,3.431076765060425,[0.16465855]
47,0.14306922,3.4297993183135986,[0.16465855]
48,0.15180248,3.511715888977051,[0.16465855]
49,0.13894278,3.482278347015381,[0.16465855]
50,0.13333441,3.3556902408599854,[0.16465855]
51,0.13143483,3.4438765048980713,[0.16465855]
52,0.14052734,3.4673500061035156,[0.16465855]
53,0.14378634,3.4867641925811768,[0.16465855]
54,0.13158296,3.430927276611328,[0.16465855]
55,0.15151207,3.423173666000366,[0.16465855]
56,0.30502012,3.4398977756500244,[0.32301024]
57,0.3022897,3.470278024673462,[0.32301024]
58,0.28798345,3.338547706604004,[0.32301024]
59,0.30264953,3.442532777786255,[0.32301024]
60,0.33273733,3.465456962585449,[0.32301024]
61,0.2873726,3.4781672954559326,[0.32301024]
62,0.3076722,3.2714712619781494,[0.32301024]
63,0.30354106,3.2873451709747314,[0.32301024]
64,0.31105793,5.336119174957275,[0.32301024]
65,0.29308847,3.356607675552368,[0.32301024]
66,0.29959756,3.2920632362365723,[0.32301024]
67,0.32466757,3.3848214149475098,[0.32301024]
68,0.31263983,3.3560566902160645,[0.32301024]
69,0.30516148,3.4634480476379395,[0.32301024]
70,0.28705406,3.55340313911438,[0.32301024]
71,0.29894787,3.4898478984832764,[0.32301024]
72,0.30405828,3.4922516345977783,[0.32301024]
73,0.30128682,3.5105397701263428,[0.32301024]
74,0.31806135,3.3268353939056396,[0.32301024]
75,0.29690167,3.528540849685669,[0.32301024]
76,0.29467985,3.4588282108306885,[0.32301024]
77,0.31182703,3.463574171066284,[0.32301024]
78,0.27779037,3.5800304412841797,[0.32301024]
79,0.27429515,3.4176509380340576,[0.32301024]
80,0.3038689,3.4950027465820312,[0.32301024]
81,0.29930928,3.454707145690918,[0.32301024]
82,0.30596656,3.4879209995269775,[0.32301024]
83,0.294123,3.549514055252075,[0.32301024]
84,0.30311945,3.45400071144104,[0.32301024]
85,0.31916693,3.2889766693115234,[0.32301024]
86,0.25119343,3.495828628540039,[0.32301024]
87,0.28705254,3.300741195678711,[0.32301024]
88,0.30198252,3.4312493801116943,[0.32301024]
89,0.29405114,4.611600160598755,[0.32301024]
90,0.3061664,3.612915515899658,[0.32301024]
91,0.30187723,3.444411277770996,[0.32301024]
92,0.2836537,3.4596025943756104,[0.32301024]
93,0.29641873,3.3125722408294678,[0.32301024]
94,0.3128967,3.381174325942993,[0.32301024]
95,0.3159378,3.4922475814819336,[0.32301024]
96,0.30102062,3.4498698711395264,[0.32301024]
97,0.3013113,3.4622747898101807,[0.32301024]
98,0.29672498,3.5011239051818848,[0.32301024]
99,0.30936238,3.5421831607818604,[0.32301024]
100,0.29267412,3.5708868503570557,[0.32301024]
101,0.3187957,3.462848424911499,[0.32301024]
102,0.3053328,3.485322952270508,[0.32301024]
103,0.36909768,3.467435359954834,[0.37570384]
104,0.3956898,3.5753116607666016,[0.37570384]
105,0.37719554,3.570375680923462,[0.37570384]
106,0.3747551,3.408994436264038,[0.37570384]
107,0.38637188,3.4016969203948975,[0.37570384]
108,0.4064588,3.448181390762329,[0.37570384]
109,0.37486774,3.4364235401153564,[0.37570384]
110,0.40378156,3.4857606887817383,[0.37570384]
111,0.3821068,3.436476945877075,[0.37570384]
112,0.3654876,5.338209867477417,[0.37570384]
113,0.3582277,3.410461902618408,[0.37570384]
114,0.3699161,3.379570245742798,[0.37570384]
115,0.36757007,3.430396556854248,[0.37570384]
116,0.3606704,3.5070700645446777,[0.37570384]
117,0.37985343,3.57749342918396,[0.37570384]
118,0.3682545,3.510047435760498,[0.37570384]
119,0.36860186,3.4218435287475586,[0.37570384]
120,0.3788388,3.4042491912841797,[0.37570384]
121,0.37635913,3.3965625762939453,[0.37570384]
122,0.3776857,3.486259937286377,[0.37570384]
123,0.38639542,3.4252359867095947,[0.37570384]
124,0.38362172,3.447567939758301,[0.37570384]
125,0.3450127,3.276888370513916,[0.37570384]
126,0.37281916,3.447166919708252,[0.37570384]
127,0.38907793,3.4655239582061768,[0.37570384]
128,0.36947957,3.4891326427459717,[0.37570384]
129,0.4148556,3.516050338745117,[0.37570384]
130,0.38672101,3.4418702125549316,[0.37570384]
131,0.41277903,3.2744617462158203,[0.37570384]
132,0.3744569,3.429065465927124,[0.37570384]
133,0.36521065,5.367982864379883,[0.37570384]
134,0.38008574,3.42143177986145,[0.37570384]
135,0.35830662,3.3483541011810303,[0.37570384]
136,0.3553029,3.3650476932525635,[0.37570384]
137,0.39123338,3.5071539878845215,[0.37570384]
138,0.3629253,3.4288837909698486,[0.37570384]
139,0.3759521,3.4732143878936768,[0.38049355]
140,0.37899804,3.472486972808838,[0.38049355]
141,0.3744139,3.2832796573638916,[0.38049355]
142,0.35497618,3.2514216899871826,[0.38049355]
143,0.35944822,3.440639019012451,[0.38049355]
144,0.40477905,3.448129892349243,[0.38049355]
145,0.3978703,3.484327554702759,[0.38052663]
146,0.38845077,3.461467742919922,[0.38128108]
147,0.40285724,3.5168275833129883,[0.38292208]
148,0.40487695,3.4218599796295166,[0.38292208]
149,0.40501413,3.3217051029205322,[0.38391143]
150,0.422788,3.567915916442871,[0.39320076]
151,0.36854213,3.4391438961029053,[0.38581213]
152,0.39056075,3.607793092727661,[0.3862614]
153,0.39264444,3.577291965484619,[0.3862614]
154,0.4044877,3.4913811683654785,[0.40048322]
155,0.37528569,3.516869306564331,[0.40048322]
156,0.41381958,3.576174020767212,[0.40048322]
157,0.3623631,3.5748231410980225,[0.40048322]
158,0.3928758,4.634169340133667,[0.4012758]
159,0.38984346,3.488715648651123,[0.4012758]
160,0.4072423,3.451918601989746,[0.4012758]
161,0.39199433,3.488147258758545,[0.40048322]
162,0.40793663,3.521913766860962,[0.4012758]
163,0.40837735,3.4679384231567383,[0.4012758]
164,0.4091029,3.4312758445739746,[0.4012758]
165,0.36718142,3.561856269836426,[0.40049192]
166,0.367444,3.4963126182556152,[0.40049192]
167,0.3789706,3.492821455001831,[0.40049192]
168,0.4116847,3.427537679672241,[0.4012758]
169,0.399764,3.5433509349823,[0.4012758]
170,0.40531957,3.472032070159912,[0.41449547]
171,0.4301504,3.4226791858673096,[0.41449547]
172,0.38126773,3.479703664779663,[0.41449547]
173,0.3950775,3.512369155883789,[0.41449547]
174,0.4278585,3.4701571464538574,[0.41449547]
175,0.40988305,3.46488356590271,[0.41449547]
176,0.4112489,3.4899849891662598,[0.41489518]
177,0.41483206,3.4069137573242188,[0.41489518]
178,0.4249162,3.4903507232666016,[0.41489518]
179,0.41756138,3.654069185256958,[0.41489518]
180,0.40497348,3.6193389892578125,[0.41489518]
181,0.3813005,4.506298065185547,[0.41489518]
182,0.39444965,3.4138572216033936,[0.41489518]
183,0.40468487,3.5033771991729736,[0.41489518]
184,0.41663006,3.5618131160736084,[0.41489518]
185,0.382605,3.4651644229888916,[0.41489518]
186,0.40146795,3.5122175216674805,[0.41489518]
187,0.41767734,3.3966445922851562,[0.41489518]
188,0.4155292,3.513300895690918,[0.41489518]
189,0.41855684,3.4731602668762207,[0.41489518]
190,0.414275,3.4458112716674805,[0.41489518]
191,0.3885025,3.4817285537719727,[0.41489518]
192,0.4029357,3.4598228931427,[0.41489518]
193,0.40803203,3.431023120880127,[0.41489518]
194,0.40819013,3.4727253913879395,[0.41489518]
195,0.39127123,3.3905069828033447,[0.41489518]
196,0.38695666,3.3508901596069336,[0.41489518]
197,0.4178535,3.427227735519409,[0.41491282]
198,0.3829333,3.3331596851348877,[0.41491282]
199,0.37901345,3.389409065246582,[0.41491282]
200,0.4171743,3.357844829559326,[0.41491282]
201,0.3883377,3.2606396675109863,[0.41491282]
202,0.38339034,3.584688425064087,[0.41491282]
203,0.38950232,3.4756920337677,[0.41491282]
204,0.42558002,3.373493194580078,[0.41491282]
205,0.4081794,3.4681293964385986,[0.41491282]
206,0.41561297,3.338502883911133,[0.41491282]
207,0.42225492,5.403137922286987,[0.41491282]
208,0.39401698,3.3443148136138916,[0.41491282]
209,0.39385453,3.3657913208007812,[0.41491282]
210,0.4076382,3.4640939235687256,[0.41491282]
211,0.4307409,3.4815309047698975,[0.41491282]
212,0.3828824,3.564445972442627,[0.41491282]
213,0.38369763,3.5158095359802246,[0.41491282]
214,0.42199746,3.3818199634552,[0.41491282]
215,0.40392283,3.496608018875122,[0.41491282]
216,0.3934365,3.3408498764038086,[0.41491282]
217,0.3966543,3.4333255290985107,[0.41491282]
218,0.4032171,3.486233949661255,[0.41555914]
219,0.40332922,3.327397584915161,[0.41555914]
220,0.4177352,3.566307783126831,[0.41502964]
221,0.42810374,3.4658889770507812,[0.41502964]
222,0.39713612,3.4371917247772217,[0.41555914]
223,0.40775308,3.4406914710998535,[0.42545605]
224,0.39498025,3.4248151779174805,[0.42545605]
225,0.4213436,3.4694108963012695,[0.42545605]
226,0.41662535,3.4466962814331055,[0.42545605]
227,0.42452115,3.44999623298645,[0.42545605]
228,0.40536872,3.346148729324341,[0.42545605]
229,0.42251778,3.467017412185669,[0.42545605]
230,0.42025143,5.474007844924927,[0.42582017]
231,0.4249067,3.435035228729248,[0.42582017]
232,0.38800922,3.4319252967834473,[0.42582017]
233,0.4184915,3.500216484069824,[0.42582017]
234,0.4087732,3.4678430557250977,[0.42582017]
235,0.42915565,3.4555888175964355,[0.43259314]
236,0.42856064,3.451624870300293,[0.43259314]
237,0.4332688,3.477281093597412,[0.43259314]
238,0.4106012,3.5284836292266846,[0.43259314]
239,0.41912034,3.620243549346924,[0.43259314]
240,0.42724454,3.618208646774292,[0.43259314]
241,0.43096218,3.5529937744140625,[0.42561817]
242,0.37924698,3.439915180206299,[0.43259314]
243,0.42380813,3.480156183242798,[0.43259314]
244,0.4029022,3.557220458984375,[0.43259314]
245,0.41913685,3.473921060562134,[0.42580077]
246,0.40690935,3.293285608291626,[0.43259314]
247,0.43024427,3.4484071731567383,[0.42580077]
248,0.40139285,3.4775311946868896,[0.42580077]
249,0.42570508,3.3734934329986572,[0.43259314]
250,0.4391199,4.5213258266448975,[0.43476096]
251,0.4141216,3.596606492996216,[0.42580077]
252,0.41213855,3.4272758960723877,[0.43476096]
253,0.38401365,3.5499014854431152,[0.43476096]
254,0.43218604,3.6010794639587402,[0.42580077]
255,0.42396453,3.4798290729522705,[0.43476096]
256,0.422915,3.605592966079712,[0.43476096]
257,0.4169047,3.602445363998413,[0.42580077]
258,0.4319818,3.4109694957733154,[0.43476096]
259,0.41140246,3.5652692317962646,[0.43476096]
260,0.38897273,3.565505027770996,[0.43476096]
261,0.4336843,3.5502066612243652,[0.43476096]
262,0.38775346,3.5762574672698975,[0.43476096]
263,0.42832232,3.598140239715576,[0.43476096]
264,0.39017546,3.520937919616699,[0.43476096]
265,0.4264068,3.5894734859466553,[0.43477017]
266,0.43185475,3.495330572128296,[0.43477017]
267,0.41925675,3.5299737453460693,[0.42580077]
268,0.42162615,3.480480909347534,[0.43477017]
269,0.4234352,3.626913547515869,[0.43477017]
270,0.4115457,3.639846086502075,[0.43477017]
271,0.41709903,3.6063034534454346,[0.42580077]
272,0.44346756,3.5027730464935303,[0.43477017]
273,0.4196923,3.58569598197937,[0.43477017]
274,0.41834146,3.626711130142212,[0.43477017]
275,0.41910025,3.6972286701202393,[0.43477017]
276,0.41855276,5.719358682632446,[0.42580077]
277,0.42074823,3.4900150299072266,[0.43477017]
278,0.37951377,3.573577880859375,[0.43476096]
279,0.41397,3.4580740928649902,[0.43477017]
280,0.4214827,3.579599618911743,[0.43477017]
281,0.41622975,3.6497204303741455,[0.43477017]
282,0.42553294,3.549757242202759,[0.43477017]
283,0.42012623,3.6689417362213135,[0.43477017]
284,0.42901248,3.5907845497131348,[0.42578915]
285,0.41362324,3.5638630390167236,[0.43477017]
286,0.42469174,3.6465296745300293,[0.43477017]
287,0.41882324,3.602534532546997,[0.43477017]
288,0.43127218,3.6132712364196777,[0.42578915]
289,0.41530716,3.5041120052337646,[0.43477017]
290,0.42137298,3.6396467685699463,[0.43477017]
291,0.41866428,3.7089083194732666,[0.43477017]
292,0.39773545,3.5909178256988525,[0.43477017]
293,0.3839815,3.6077847480773926,[0.43477017]
294,0.43020797,3.5858876705169678,[0.42578915]
295,0.41830194,3.4649808406829834,[0.43477017]
296,0.42554396,3.591841697692871,[0.42580077]
297,0.41384768,3.5028181076049805,[0.42580077]
298,0.4088727,3.568342685699463,[0.43477017]
299,0.38709122,5.513067960739136,[0.4320447]
300,0.38923094,3.521073579788208,[0.43477017]
301,0.4170291,3.530061960220337,[0.43477017]
302,0.40385398,3.5898234844207764,[0.43477017]
303,0.4186586,3.507941484451294,[0.43477017]
304,0.4072401,3.531815528869629,[0.43476096]
305,0.38361573,3.6354165077209473,[0.42579517]
306,0.40347624,3.4851369857788086,[0.43022814]
307,0.42960835,3.5292139053344727,[0.43022814]
308,0.41237536,3.558793306350708,[0.43022814]
309,0.41778407,3.46835994720459,[0.43022814]
310,0.42310658,3.4422459602355957,[0.43022814]
311,0.42017385,3.501072883605957,[0.43022814]
312,0.45226088,3.436152696609497,[0.42586118]
313,0.43588224,3.565739631652832,[0.43022814]
314,0.44631693,3.3969674110412598,[0.43022814]
315,0.41071036,3.4673891067504883,[0.43022814]
316,0.42906573,3.570680856704712,[0.43022814]
317,0.41206348,3.59680438041687,[0.43022814]
318,0.40981466,3.4857065677642822,[0.43022814]
319,0.40678263,3.5637869834899902,[0.43022814]
320,0.42099264,5.605836629867554,[0.43022814]
321,0.41973728,3.507812738418579,[0.4302132]
322,0.40761253,3.520817518234253,[0.43022814]
323,0.37193128,3.5140058994293213,[0.43022814]
324,0.41865295,3.5402069091796875,[0.43022814]
325,0.39323112,3.4481687545776367,[0.43022814]
326,0.41149902,3.4502041339874268,[0.43022814]
327,0.44087481,3.3763716220855713,[0.43659708]
328,0.44656572,3.386991262435913,[0.43022814]
329,0.43835878,3.4275505542755127,[0.4302042]
330,0.4119647,3.4091475009918213,[0.43022814]
331,0.4437447,3.35811185836792,[0.43022814]
332,0.4458135,3.5129876136779785,[0.4302042]
333,0.40010846,3.5060861110687256,[0.43022814]
334,0.39356187,3.408038854598999,[0.43022814]
335,0.41611278,3.3644399642944336,[0.43022814]
336,0.42464155,3.4513659477233887,[0.43022814]
337,0.41178223,3.3673906326293945,[0.43022814]
338,0.42721605,3.3966898918151855,[0.43022257]
339,0.43208325,3.4508779048919678,[0.43022257]
340,0.42121443,3.4976322650909424,[0.43022814]
341,0.42881158,3.471331834793091,[0.4302042]
342,0.4256637,3.265765905380249,[0.4302042]
343,0.42768776,3.480070114135742,[0.43022257]
344,0.4298376,3.4311249256134033,[0.43022257]
345,0.41742384,5.390259742736816,[0.4301538]
346,0.42134842,3.437774181365967,[0.43022814]
347,0.41385216,3.5166730880737305,[0.4301538]
348,0.39741963,3.504387378692627,[0.4301538]
349,0.4458821,3.4201552867889404,[0.4302042]
350,0.40723744,3.441671133041382,[0.4301538]
351,0.420702,3.429027795791626,[0.43022257]
352,0.4271311,3.4061408042907715,[0.43022814]
353,0.44112653,3.3953232765197754,[0.43022257]
354,0.42980325,3.4244093894958496,[0.4302042]
355,0.4108593,3.4443886280059814,[0.43022257]
356,0.40768835,3.4138193130493164,[0.4301538]
357,0.41561237,3.5302956104278564,[0.4301538]
358,0.4172406,3.4661481380462646,[0.4301538]
359,0.42530772,3.528695821762085,[0.43022814]
360,0.41890588,3.3528289794921875,[0.4301538]
361,0.42518085,3.427900552749634,[0.43071094]
362,0.45204577,3.3409245014190674,[0.4302042]
363,0.43146798,3.4162745475769043,[0.43071094]
364,0.4473236,3.2472548484802246,[0.4302042]
365,0.41670612,3.349202871322632,[0.43071094]
366,0.41032594,3.458674669265747,[0.43071094]
367,0.4276632,3.3703203201293945,[0.43071094]
368,0.4260343,5.382981777191162,[0.43022257]
369,0.4410484,3.3618364334106445,[0.43071094]
370,0.43748453,3.3755574226379395,[0.43024117]
371,0.4224651,3.4050204753875732,[0.43071094]
372,0.41679263,3.24295973777771,[0.43056685]
373,0.4246885,3.424764394760132,[0.43071094]
374,0.38366553,3.3988754749298096,[0.43072063]
375,0.44899312,3.3002405166625977,[0.43024117]
376,0.38863122,3.3624236583709717,[0.43056685]
377,0.41145843,3.4649815559387207,[0.43022257]
378,0.4457998,3.316887378692627,[0.43072063]
379,0.41966185,3.360779285430908,[0.43024117]
380,0.41270974,3.3320870399475098,[0.43056685]
381,0.41395354,3.4621920585632324,[0.43072063]
382,0.41630286,3.390493154525757,[0.43056685]
383,0.44584283,3.4077603816986084,[0.4307243]
384,0.4193739,3.3323190212249756,[0.4307243]
385,0.4348401,3.428715705871582,[0.4307243]
386,0.4291187,3.2178444862365723,[0.4307243]
387,0.4095835,3.3213107585906982,[0.43072063]
388,0.413031,3.363583564758301,[0.43056685]
389,0.44286153,5.337605714797974,[0.4307243]
390,0.42962074,3.4256889820098877,[0.4307243]
391,0.4327742,3.41698956489563,[0.4307243]
392,0.392421,3.366896390914917,[0.43056685]
393,0.4065331,3.4167256355285645,[0.43056685]
394,0.4319344,3.3633012771606445,[0.4311681]
395,0.4153094,3.2894177436828613,[0.43056685]
396,0.42136928,3.419296979904175,[0.4311681]
397,0.44775245,3.4757864475250244,[0.4307243]
398,0.42472956,3.3521759510040283,[0.4311681]
399,0.42593914,3.347119092941284,[0.4311681]
400,0.41756928,3.362938404083252,[0.4311681]
401,0.4285613,3.368863821029663,[0.4311681]
402,0.4462945,3.4376869201660156,[0.4307243]
403,0.41624326,3.2932987213134766,[0.4311681]
404,0.42675406,3.4065964221954346,[0.4311681]
405,0.4520309,3.3166897296905518,[0.4307243]
406,0.43037596,3.278332233428955,[0.4311681]
407,0.42959833,3.3217074871063232,[0.4311681]
408,0.4160008,3.4028501510620117,[0.4311681]
409,0.417897,3.363574981689453,[0.4311681]
410,0.43403542,3.50065279006958,[0.4311681]
411,0.41853255,5.252646207809448,[0.4311681]
412,0.4513135,3.4192683696746826,[0.43056685]
413,0.41469988,3.4986588954925537,[0.4311681]
414,0.4315837,3.409871816635132,[0.4311681]
415,0.41917214,3.386720657348633,[0.4311681]
416,0.42234802,3.3590869903564453,[0.43056685]
417,0.44725847,3.3405678272247314,[0.4311681]
418,0.43108276,3.5224924087524414,[0.4311681]
419,0.42271098,3.332000970840454,[0.4311681]
420,0.45053738,3.470853805541992,[0.4307243]
421,0.40674043,3.2952752113342285,[0.4311681]
422,0.41458973,3.496560573577881,[0.4311681]
423,0.39488444,3.493476629257202,[0.4311681]
424,0.42843276,3.5311601161956787,[0.4311681]
425,0.41307056,3.5946502685546875,[0.4311681]
426,0.4513788,3.563690662384033,[0.4311681]
427,0.43895316,3.48645281791687,[0.4311681]
428,0.4177948,3.518571615219116,[0.4311681]
429,0.42735606,3.5701420307159424,[0.4311681]
430,0.4254899,3.673534631729126,[0.4311681]
431,0.40014175,3.40910267829895,[0.4311681]
432,0.4454577,3.4643161296844482,[0.43264225]
433,0.4462275,3.520562171936035,[0.43264225]
434,0.4219517,3.570368766784668,[0.43264225]
435,0.43814892,3.543154239654541,[0.43264225]
436,0.43669033,5.502655029296875,[0.43264225]
437,0.42749003,3.459907293319702,[0.43264225]
438,0.42452878,3.522329807281494,[0.43264225]
439,0.41367358,3.467254400253296,[0.43264225]
440,0.45722884,3.6425182819366455,[0.43264225]
441,0.46117857,3.5141072273254395,[0.43264225]
442,0.3990414,3.494981050491333,[0.43889487]
443,0.4412297,3.5170750617980957,[0.43264225]
444,0.41408125,3.52778697013855,[0.43264225]
445,0.44972304,3.457141399383545,[0.43264225]
446,0.40320286,3.371115207672119,[0.43264225]
447,0.42344007,3.497697591781616,[0.43264225]
448,0.4159926,3.4415132999420166,[0.43264225]
449,0.4165894,3.422790765762329,[0.43264225]
450,0.44086632,3.423191547393799,[0.43264225]
451,0.43082246,3.479308843612671,[0.43264225]
452,0.42731646,3.447134256362915,[0.43264225]
453,0.42852917,3.5094704627990723,[0.43264225]
454,0.41194102,3.3955724239349365,[0.4311681]
455,0.4313786,3.4909815788269043,[0.43264225]
456,0.45496267,3.3959238529205322,[0.43264225]
457,0.44568616,3.4867446422576904,[0.43264225]
458,0.44717565,3.4458870887756348,[0.43264225]
459,0.42846698,3.447209119796753,[0.43889487]
460,0.4290937,3.469876527786255,[0.4311681]
461,0.42183203,3.4580583572387695,[0.43264225]
462,0.4027626,5.3457019329071045,[0.43264225]
463,0.43835488,3.4237565994262695,[0.43264225]
464,0.4271314,3.532862663269043,[0.43889487]
465,0.43219355,3.5685055255889893,[0.43889487]
466,0.42864722,3.5857508182525635,[0.43264225]
467,0.41242003,3.4494969844818115,[0.44583982]
468,0.43508783,3.419837474822998,[0.44583982]
469,0.42225075,3.380537748336792,[0.43889487]
470,0.42886913,3.5362932682037354,[0.43264225]
471,0.4436744,3.309584617614746,[0.44583982]
472,0.43321395,3.331430673599243,[0.43264225]
473,0.44757125,3.347175121307373,[0.44583982]
474,0.41108623,3.3978846073150635,[0.44583982]
475,0.45711887,3.4865972995758057,[0.44583982]
476,0.40550336,3.545464277267456,[0.44634125]
477,0.42733222,3.407886266708374,[0.44583982]
478,0.39346376,3.4980781078338623,[0.4311681]
479,0.40384468,3.4583516120910645,[0.43264225]
480,0.42176872,3.4226295948028564,[0.44583982]
481,0.44152328,3.5336391925811768,[0.44634125]
482,0.41517773,3.3652493953704834,[0.44545278]
483,0.42094788,3.579902410507202,[0.43264225]
484,0.42173433,3.3863372802734375,[0.448535]
485,0.4642948,5.327646017074585,[0.45068008]
486,0.43200502,3.43168044090271,[0.448535]
487,0.42795685,3.223554849624634,[0.44583982]
488,0.44243246,3.5041258335113525,[0.43264225]
489,0.42524984,3.3381972312927246,[0.44583982]
490,0.44385836,3.534184694290161,[0.448535]
491,0.46020296,3.440018653869629,[0.45068008]
492,0.4203006,3.3280065059661865,[0.44583982]
493,0.43280914,3.514572858810425,[0.448535]
494,0.4354622,3.3769538402557373,[0.448535]
495,0.43509275,3.419670343399048,[0.45225996]
496,0.44735304,3.261315107345581,[0.45225996]
497,0.4246332,3.3385374546051025,[0.45225996]
498,0.46806672,3.3772614002227783,[0.45225996]
499,0.41775036,3.3978025913238525,[0.43264225]
500,0.40804762,3.3565328121185303,[0.45225996]
501,0.40790665,3.3402774333953857,[0.45225996]
502,0.44170615,3.2998392581939697,[0.45225996]
503,0.4413419,3.5014491081237793,[0.45225996]
504,0.39758235,3.4095823764801025,[0.43264225]
505,0.44592905,3.3306901454925537,[0.45225996]
506,0.41172746,3.4759409427642822,[0.45225996]
507,0.4253599,3.4079790115356445,[0.4523051]
508,0.42040336,3.4795279502868652,[0.4523051]
509,0.43147877,3.3094117641448975,[0.4523051]
510,0.40749905,5.5005903244018555,[0.4523051]
511,0.435742,3.3870160579681396,[0.4523051]
512,0.4432601,3.430692672729492,[0.43264225]
513,0.43472123,3.3483636379241943,[0.4523051]
514,0.458463,3.3881516456604004,[0.45183715]
515,0.4359416,3.5434205532073975,[0.45183715]
516,0.4066395,3.4892735481262207,[0.45183715]
517,0.47652072,3.49479603767395,[0.45183715]
518,0.43995205,3.460479736328125,[0.45183715]
519,0.45141456,3.4658491611480713,[0.45183715]
520,0.42904434,3.4364609718322754,[0.45183715]
521,0.45147747,3.509012222290039,[0.44583982]
522,0.41769987,3.494751453399658,[0.45183715]
523,0.42734283,3.532353401184082,[0.43264225]
524,0.39473194,3.3970062732696533,[0.45183715]
525,0.43932605,3.455498218536377,[0.45183715]
526,0.4223938,3.338754653930664,[0.45316613]
527,0.43414032,3.40339732170105,[0.45183715]
528,0.44388112,3.537061929702759,[0.45183715]
529,0.43924007,3.4472148418426514,[0.45183715]
530,0.4442112,3.4538614749908447,[0.45316613]
531,0.42231998,3.3991382122039795,[0.45316613]
532,0.43237764,3.437425136566162,[0.45183715]
533,0.4491928,3.4714670181274414,[0.45183715]
534,0.45100132,3.468210458755493,[0.45316613]
535,0.43253145,3.3683462142944336,[0.4540981]
536,0.4337563,5.381894826889038,[0.4540981]
537,0.44821364,3.393099069595337,[0.44583982]
538,0.44277638,3.4942216873168945,[0.4540981]
539,0.42559722,3.512186050415039,[0.44583982]
540,0.4333621,3.4890098571777344,[0.4540981]
541,0.433873,3.4810357093811035,[0.4540981]
542,0.43556285,3.348925828933716,[0.4540981]
543,0.44933188,3.4387881755828857,[0.4540981]
544,0.4160502,3.417658805847168,[0.44583982]
545,0.42103472,3.4344966411590576,[0.4540981]
546,0.42157087,3.435986280441284,[0.45448345]
547,0.43699184,3.362563371658325,[0.45448345]
548,0.41656947,3.3823060989379883,[0.45448345]
549,0.4469201,3.354132652282715,[0.45448345]
550,0.43425953,3.297095537185669,[0.44583982]
551,0.4435908,3.5677263736724854,[0.45448345]
552,0.4483373,3.389104127883911,[0.45448345]
553,0.41487077,3.368666887283325,[0.45448345]
554,0.4451011,3.3374063968658447,[0.45448345]
555,0.45291233,3.259125232696533,[0.45448345]
556,0.48154432,3.3732969760894775,[0.45095178]
557,0.41890946,3.4517688751220703,[0.45448345]
558,0.45347318,3.3903136253356934,[0.45217037]
559,0.46290162,5.340268611907959,[0.45448345]
560,0.41568097,3.4085452556610107,[0.45448345]
561,0.4317159,3.362107992172241,[0.45456544]
562,0.44863567,3.4226512908935547,[0.45456544]
563,0.47387323,3.479526996612549,[0.45456544]
564,0.43380183,3.366028070449829,[0.45448345]
565,0.40021142,3.3210830688476562,[0.45448345]
566,0.44839433,3.3027584552764893,[0.45456544]
567,0.44180986,3.4227943420410156,[0.45448345]
568,0.43860278,3.2674803733825684,[0.44583982]
569,0.42556125,3.5646207332611084,[0.45448345]
570,0.4576603,3.3702995777130127,[0.45456544]
571,0.44413537,3.3547401428222656,[0.45456544]
572,0.4502047,3.3713576793670654,[0.45456544]
573,0.41800913,3.4015607833862305,[0.43264225]
574,0.42067534,3.4161570072174072,[0.45456544]
575,0.4545244,3.3525919914245605,[0.44261163]
576,0.42076287,3.421114206314087,[0.44261163]
577,0.47209698,3.4497580528259277,[0.45456544]
578,0.44756928,3.2714338302612305,[0.45448345]
579,0.407414,3.374281644821167,[0.44261163]
580,0.44108364,3.4384231567382812,[0.45456544]
581,0.4330688,3.3493776321411133,[0.44261163]
582,0.44329214,3.401569366455078,[0.44583982]
583,0.45188546,3.600773572921753,[0.44261163]
584,0.43598008,5.338454961776733,[0.44261163]
585,0.45632336,3.4501326084136963,[0.45456544]
586,0.42016667,3.389213800430298,[0.44261163]
587,0.4231942,3.3754992485046387,[0.44261163]
588,0.44526333,3.4144675731658936,[0.44261163]
589,0.42008194,3.3785994052886963,[0.44261163]
590,0.43696702,3.2924413681030273,[0.45448345]
591,0.43972838,3.358942985534668,[0.45448345]
592,0.45333558,3.3464772701263428,[0.44261163]
593,0.4614759,3.4088327884674072,[0.45448345]
594,0.42605898,3.344520092010498,[0.44261163]
595,0.42933577,3.3014631271362305,[0.44261163]
596,0.43065795,3.4030590057373047,[0.45448345]
597,0.44134593,3.3729519844055176,[0.44261163]
598,0.467216,3.3788766860961914,[0.45448345]
599,0.44109342,3.308084487915039,[0.45456544]
600,0.4270256,3.4197897911071777,[0.44261163]
601,0.44812664,3.3583219051361084,[0.45448345]
602,0.43944904,3.3547401428222656,[0.44268313]
603,0.44331026,3.4120235443115234,[0.44268313]
604,0.42849833,3.4086754322052,[0.44268313]
605,0.4529128,3.3425729274749756,[0.45456544]
606,0.43900102,3.4239468574523926,[0.44268313]
607,0.43555722,3.355602502822876,[0.44268313]
608,0.4230932,3.4797816276550293,[0.44268313]
609,0.46527383,3.547377586364746,[0.45448345]
610,0.4216629,5.382659912109375,[0.44268313]
611,0.4124737,3.455091953277588,[0.44268313]
612,0.4454107,3.5433847904205322,[0.43997893]
613,0.4746924,3.4661202430725098,[0.45456544]
614,0.40687624,3.4159128665924072,[0.44268313]
615,0.46838176,3.535762071609497,[0.45456544]
616,0.44538966,3.3644301891326904,[0.45456544]
617,0.43407965,3.4074487686157227,[0.44268313]
618,0.45531234,3.4861834049224854,[0.45095178]
619,0.4274516,3.5047309398651123,[0.45448345]
620,0.42535722,3.295142650604248,[0.44268313]
621,0.43954936,3.5102899074554443,[0.45456544]
622,0.4387002,3.482764482498169,[0.45183715]
623,0.4275311,3.3912465572357178,[0.45448345]
624,0.42163694,3.415074348449707,[0.44268313]
625,0.43918484,3.5954041481018066,[0.45448345]
626,0.44589144,3.4547789096832275,[0.44268313]
627,0.45325887,3.497368335723877,[0.44268313]
628,0.46405652,3.536504030227661,[0.45448345]
629,0.4204663,3.434688091278076,[0.45448345]
630,0.42692155,3.4788100719451904,[0.44268313]
631,0.43298736,3.4553070068359375,[0.45448345]
632,0.43353823,3.39327335357666,[0.44268313]
633,0.44576472,5.418481826782227,[0.45448345]
634,0.4098561,3.441345453262329,[0.44268313]
635,0.42053282,3.4670827388763428,[0.44268313]
636,0.44810224,3.4226951599121094,[0.45456544]
637,0.44700176,3.2995588779449463,[0.45456544]
638,0.4453804,3.3606836795806885,[0.45456544]
639,0.4298219,3.4251556396484375,[0.45448345]
640,0.4480787,3.414236068725586,[0.45456544]
641,0.44993162,3.4269092082977295,[0.44268313]
642,0.42581972,3.414860248565674,[0.44268313]
643,0.42392012,3.3761441707611084,[0.44268313]
644,0.41814542,3.469804286956787,[0.44268313]
645,0.4351784,3.396758794784546,[0.44268313]
646,0.43260512,3.4658708572387695,[0.44268313]
647,0.4442752,3.410961627960205,[0.45456544]
648,0.44440556,3.343639612197876,[0.45456544]
649,0.42574623,3.462913751602173,[0.44268313]
650,0.46764094,3.532844305038452,[0.45456544]
651,0.40761998,3.4634504318237305,[0.44268313]
652,0.44502053,3.4767117500305176,[0.45448345]
653,0.42093587,3.434659481048584,[0.44268313]
654,0.47195277,3.3951516151428223,[0.45456544]
655,0.4391099,3.390895128250122,[0.44268313]
656,0.47259736,3.521275043487549,[0.45448345]
657,0.4425402,3.413126230239868,[0.45456544]
658,0.42829797,5.336398124694824,[0.44268313]
659,0.43975917,3.5525496006011963,[0.44268313]
660,0.44548652,3.5813333988189697,[0.45456544]
661,0.42016518,3.4168410301208496,[0.44268313]
662,0.43208107,3.5269899368286133,[0.44268313]
663,0.45979407,3.457003116607666,[0.49125534]
664,0.47561702,3.498455047607422,[0.49125534]
665,0.4741936,3.529581308364868,[0.49125534]
666,0.48789144,3.4706838130950928,[0.49125534]
667,0.48232913,3.526851177215576,[0.49125534]
668,0.49104047,3.4666013717651367,[0.49125534]
669,0.46001863,3.5281760692596436,[0.49125534]
670,0.4390965,3.5565831661224365,[0.49125534]
671,0.46827316,3.459818124771118,[0.49125534]
672,0.4768414,3.5452253818511963,[0.49125534]
673,0.46166596,3.5079386234283447,[0.48803133]
674,0.5083506,3.5122952461242676,[0.49125534]
675,0.4970985,3.700775146484375,[0.49125534]
676,0.45466092,3.5880134105682373,[0.49125534]
677,0.48980308,3.6843602657318115,[0.49125534]
678,0.48448807,3.559053897857666,[0.49125534]
679,0.45300186,3.5119669437408447,[0.48803133]
680,0.4953491,3.6389095783233643,[0.49125534]
681,0.5002715,3.5591509342193604,[0.49125534]
682,0.44886628,3.5325927734375,[0.48928759]
683,0.44812292,3.5664050579071045,[0.48928759]
684,0.46239334,5.613617658615112,[0.48928759]
685,0.46317646,3.623373508453369,[0.48928759]
686,0.49842015,3.539386510848999,[0.48928759]
687,0.48410636,3.573410987854004,[0.48928759]
688,0.4717538,3.512413501739502,[0.48928759]
689,0.46071255,3.5032269954681396,[0.48928759]
690,0.4737222,3.6207706928253174,[0.48928759]
691,0.50716776,3.568976402282715,[0.48928759]
692,0.51409274,3.6043307781219482,[0.48928759]
693,0.4680009,3.5773887634277344,[0.49125534]
694,0.48322213,3.4848501682281494,[0.48928759]
695,0.48987696,3.452470541000366,[0.48928759]
696,0.4416847,3.5304133892059326,[0.48928759]
697,0.47613734,3.571155071258545,[0.48928759]
698,0.5008399,3.5840578079223633,[0.48928759]
699,0.49770892,3.5530717372894287,[0.49125534]
700,0.47867134,3.534234046936035,[0.48928759]
701,0.47018605,3.6492326259613037,[0.48928759]
702,0.47415665,3.567171335220337,[0.48928759]
703,0.5047666,3.6009557247161865,[0.48928759]
704,0.4962908,3.6596367359161377,[0.49125534]
705,0.47609127,3.600749969482422,[0.49125534]
706,0.49097934,3.578242778778076,[0.48928759]
707,0.479279,5.5240466594696045,[0.49361038]
708,0.48285636,3.590818405151367,[0.48928759]
709,0.43354118,3.6397757530212402,[0.48928759]
710,0.4844239,3.676058769226074,[0.4893005]
711,0.46439478,3.628053665161133,[0.4893005]
712,0.44942725,3.5954947471618652,[0.4893005]
713,0.46202222,3.6382312774658203,[0.4893005]
714,0.47070956,3.5692877769470215,[0.4893005]
715,0.4656569,3.6141772270202637,[0.4893005]
716,0.41866267,3.5516135692596436,[0.4893005]
717,0.49283096,3.517961025238037,[0.49125534]
718,0.5050903,3.526190996170044,[0.49361038]
719,0.47872612,3.5264127254486084,[0.4893005]
720,0.45326728,3.578416347503662,[0.49125534]
721,0.487663,3.596602439880371,[0.4893005]
722,0.45125565,3.543738842010498,[0.4893005]
723,0.48999327,3.658364772796631,[0.48938897]
724,0.46944654,3.529160261154175,[0.48938897]
725,0.4702637,3.547837257385254,[0.48938897]
726,0.4986079,3.5262792110443115,[0.48938897]
727,0.46136442,3.659593343734741,[0.4903651]
728,0.4663483,3.574915647506714,[0.4903651]
729,0.4824713,3.5724873542785645,[0.4903651]
730,0.4965845,3.466689348220825,[0.4903651]
731,0.4538448,3.621185779571533,[0.4903651]
732,0.51198167,5.45898175239563,[0.4903651]
733,0.48578784,3.5356063842773438,[0.4903651]
734,0.4646384,3.60239315032959,[0.4903651]
735,0.4955159,3.523289203643799,[0.4903651]
736,0.4382188,3.502394437789917,[0.4903651]
737,0.47425303,3.5920355319976807,[0.4903651]
738,0.4923845,3.528529405593872,[0.4903651]
739,0.48422688,3.513420343399048,[0.4903651]
740,0.49302393,3.5392868518829346,[0.4903651]
741,0.4848221,3.579704523086548,[0.49008533]
742,0.44274002,3.49613618850708,[0.4903651]
743,0.5009937,3.5493016242980957,[0.4903651]
744,0.4667782,3.6006104946136475,[0.49008533]
745,0.4764917,3.5337777137756348,[0.4903651]
746,0.5102106,3.602255344390869,[0.49361894]
747,0.47417337,3.490600824356079,[0.4903651]
748,0.47171602,3.453808069229126,[0.49235418]
749,0.48316327,3.511242151260376,[0.4903651]
750,0.4869874,3.526855945587158,[0.49125534]
751,0.50603545,3.5644350051879883,[0.49008533]
752,0.46198714,3.5304977893829346,[0.4903651]
753,0.44176036,3.5510354042053223,[0.49235418]
754,0.44892663,3.643118143081665,[0.49235418]
755,0.47397956,3.5500922203063965,[0.49235418]
756,0.48625752,3.543743848800659,[0.49235418]
757,0.46383455,3.4963936805725098,[0.49235418]
758,0.44290802,5.557417392730713,[0.49235418]
759,0.45403787,3.5102896690368652,[0.49235418]
760,0.48176616,3.604077100753784,[0.49558905]
761,0.48438317,3.520862340927124,[0.4903651]
762,0.43759757,3.549030065536499,[0.49235418]
763,0.48078376,3.4907636642456055,[0.49008533]
764,0.45996666,3.5325939655303955,[0.49235418]
765,0.4796545,3.57751202583313,[0.49235418]
766,0.46647382,3.574007987976074,[0.49558905]
767,0.50600564,3.5540900230407715,[0.4903651]
768,0.4583703,3.5294907093048096,[0.49235418]
769,0.5020749,3.6944615840911865,[0.49125534]
770,0.47376296,3.5410938262939453,[0.4903651]
771,0.49340168,3.5615386962890625,[0.4815722]
772,0.49915484,3.5434391498565674,[0.49558905]
773,0.4884722,3.617690086364746,[0.49008533]
774,0.48187265,3.5659637451171875,[0.4815722]
775,0.46596196,3.5697879791259766,[0.49235418]
776,0.4701808,3.610666036605835,[0.4815722]
777,0.47324774,3.613220453262329,[0.4815722]
778,0.49634174,3.6103553771972656,[0.4903651]
779,0.47986266,3.4890990257263184,[0.49558905]
780,0.45348433,3.7208683490753174,[0.4815722]
781,0.5133786,5.495861530303955,[0.48938897]
782,0.49486807,3.6313352584838867,[0.4815722]
783,0.48955473,3.619455337524414,[0.49125534]
784,0.48148486,3.6569390296936035,[0.4903651]
785,0.4728781,3.577897310256958,[0.4815722]
786,0.45362833,3.567514657974243,[0.4815722]
787,0.47914356,3.577805519104004,[0.4815722]
788,0.46422014,3.481555223464966,[0.4815722]
789,0.4698111,3.656325101852417,[0.5049528]
790,0.5117771,3.6214051246643066,[0.5049528]
791,0.5056349,3.7092196941375732,[0.5049528]
792,0.5257969,3.5404317378997803,[0.5049528]
793,0.43825606,3.551060199737549,[0.4815722]
794,0.48420933,3.5757367610931396,[0.48954555]
795,0.5032004,3.5645487308502197,[0.48954555]
796,0.4535944,3.586904525756836,[0.48163962]
797,0.48557568,3.7364633083343506,[0.49636316]
798,0.45277813,3.5951783657073975,[0.49636316]
799,0.47481182,3.4979989528656006,[0.49636316]
800,0.49886853,3.457947015762329,[0.5049528]
801,0.5008701,3.6082534790039062,[0.49636316]
802,0.5250039,3.5583932399749756,[0.5049528]
803,0.49918097,3.456047773361206,[0.49636316]
804,0.4981962,3.5505592823028564,[0.5049528]
805,0.48425013,3.636467695236206,[0.5049528]
806,0.5004725,5.550721883773804,[0.5049528]
807,0.49780083,3.607451915740967,[0.5049528]
808,0.45292237,3.6083903312683105,[0.48954555]
809,0.4984849,3.494143486022949,[0.5049528]
810,0.4863907,3.6213176250457764,[0.49636316]
811,0.49583903,3.427124261856079,[0.5049528]
812,0.46388525,3.5431182384490967,[0.49636316]
813,0.46951,3.657167673110962,[0.49636316]
814,0.45728686,3.446627616882324,[0.49636316]
815,0.435165,3.555558443069458,[0.48954555]
816,0.47952163,3.5081088542938232,[0.4955063]
817,0.46541005,3.5190041065216064,[0.49636316]
818,0.49021983,3.6342532634735107,[0.52144754]
819,0.49740154,3.5517070293426514,[0.5213812]
820,0.483552,3.5673470497131348,[0.5213812]
821,0.506538,3.498051404953003,[0.5213812]
822,0.51921725,3.5360758304595947,[0.52144754]
823,0.527949,3.5452284812927246,[0.52144754]
824,0.50318354,3.4566757678985596,[0.5213812]
825,0.48279974,3.5107383728027344,[0.5213812]
826,0.51277184,3.5000762939453125,[0.52144754]
827,0.5076108,3.5021419525146484,[0.5213812]
828,0.50860566,3.557457685470581,[0.5137855]
829,0.5002899,3.5527923107147217,[0.52144754]
830,0.47978607,3.558333158493042,[0.52144754]
831,0.47149572,3.5601868629455566,[0.5213812]
832,0.50470734,5.403695106506348,[0.5199477]
833,0.49218196,3.5704452991485596,[0.5213812]
834,0.5076954,3.5862033367156982,[0.5199477]
835,0.4946117,3.4947357177734375,[0.5199477]
836,0.5017246,3.584705352783203,[0.5213812]
837,0.5052047,3.531928062438965,[0.5214712]
838,0.49389383,3.533358097076416,[0.5214712]
839,0.48872748,3.427603244781494,[0.5199477]
840,0.51469785,3.525372266769409,[0.5214712]
841,0.49340844,3.5509517192840576,[0.5199477]
842,0.48387414,3.54291033744812,[0.5214712]
843,0.48437327,3.521273136138916,[0.5214712]
844,0.5263899,3.549708843231201,[0.5213812]
845,0.5104189,3.508561611175537,[0.5213812]
846,0.49173477,3.507760524749756,[0.5214712]
847,0.491361,3.439405679702759,[0.5213812]
848,0.48062456,3.5866570472717285,[0.5199477]
849,0.50147974,3.468719720840454,[0.5214712]
850,0.49476472,3.525149345397949,[0.5213812]
851,0.51169604,3.6007471084594727,[0.5214712]
852,0.50772125,3.512922763824463,[0.5214712]
853,0.51097214,3.4928770065307617,[0.526846]
854,0.4944388,3.484705686569214,[0.5199477]
855,0.48799807,5.431683540344238,[0.526846]
856,0.4906286,3.4392454624176025,[0.526846]
857,0.48494467,3.504863739013672,[0.526846]
858,0.52086407,3.5107204914093018,[0.5267464]
859,0.50998837,3.578505754470825,[0.5214712]
860,0.5043426,3.540020704269409,[0.52145886]
861,0.4978109,3.488478422164917,[0.5199477]
862,0.48419422,3.498807430267334,[0.5199477]
863,0.49271458,3.3992764949798584,[0.5213812]
864,0.47254765,3.5811455249786377,[0.5267464]
865,0.5022508,3.450791358947754,[0.5213812]
866,0.53901184,3.5836246013641357,[0.521449]
867,0.5123914,3.407106399536133,[0.5214712]
868,0.4971529,3.5501551628112793,[0.5213812]
869,0.5092816,3.4768576622009277,[0.5214712]
870,0.526775,3.4747214317321777,[0.5213812]
871,0.4828999,3.5670721530914307,[0.5267464]
872,0.49937186,3.4747138023376465,[0.5213812]
873,0.49156618,3.610788345336914,[0.5214712]
874,0.52874696,3.4487252235412598,[0.5214712]
875,0.506292,3.52480149269104,[0.5214712]
876,0.49051934,3.5899946689605713,[0.5267464]
877,0.5029146,3.492027759552002,[0.5213812]
878,0.5025478,3.5219767093658447,[0.5213812]
879,0.47232917,3.5815117359161377,[0.5213812]
880,0.49545592,5.618767738342285,[0.526846]
881,0.48555693,3.397263526916504,[0.526846]
882,0.50474584,3.4314844608306885,[0.5213812]
883,0.49498275,3.4958324432373047,[0.52062964]
884,0.45275134,3.579259157180786,[0.52062964]
885,0.45253077,3.5883450508117676,[0.52062964]
886,0.52276355,3.528709650039673,[0.5267464]
887,0.4975064,3.428349256515503,[0.5213812]
888,0.48645815,3.669088363647461,[0.5267464]
889,0.4670096,3.415435552597046,[0.5267464]
890,0.48600385,3.523205041885376,[0.5213812]
891,0.49130896,3.551750898361206,[0.52842057]
892,0.520036,3.5765202045440674,[0.52842057]
893,0.5324259,3.607004165649414,[0.52842057]
894,0.53274256,3.5473437309265137,[0.52842057]
895,0.52997136,3.60002064704895,[0.52842057]
896,0.5155195,3.5632734298706055,[0.5327849]
897,0.49926755,3.57236909866333,[0.52842057]
898,0.5102782,3.593939781188965,[0.52842057]
899,0.5100169,3.5578315258026123,[0.52842057]
900,0.51177037,3.587772846221924,[0.52842057]
901,0.49742576,3.6268911361694336,[0.52842057]
902,0.51302665,3.692365884780884,[0.52842057]
903,0.50454855,3.6811370849609375,[0.52842057]
904,0.4952914,3.5804991722106934,[0.52842057]
905,0.53963137,3.536654472351074,[0.52842057]
906,0.50179106,5.565890312194824,[0.52842057]
907,0.5071113,3.5849766731262207,[0.5327849]
908,0.5058971,3.7023606300354004,[0.52842057]
909,0.50228757,3.634406805038452,[0.52842057]
910,0.48491812,3.6060616970062256,[0.52842057]
911,0.49531823,3.6175262928009033,[0.52842057]
912,0.5009055,3.6229918003082275,[0.52842057]
913,0.50433,3.56174373626709,[0.52842057]
914,0.51189625,3.5930404663085938,[0.5327849]
915,0.53669226,3.564060688018799,[0.52842057]
916,0.5133948,3.5968847274780273,[0.52842057]
917,0.5330004,3.6503701210021973,[0.52842057]
918,0.5036255,3.534712553024292,[0.52842057]
919,0.5106912,3.5586025714874268,[0.52842057]
920,0.47930634,3.577336072921753,[0.52842057]
921,0.5171713,3.5720269680023193,[0.526846]
922,0.47831255,3.489548683166504,[0.52842057]
923,0.5049638,3.4737954139709473,[0.52842057]
924,0.52359086,3.620685338973999,[0.52842057]
925,0.50653255,3.597852945327759,[0.52842057]
926,0.49588642,3.660884141921997,[0.5283036]
927,0.4940307,3.5432772636413574,[0.52842057]
928,0.50695676,3.5991051197052,[0.5283036]
929,0.49755505,5.686311960220337,[0.5283036]
930,0.47889313,3.675938844680786,[0.5283036]
931,0.49310908,3.5352792739868164,[0.5283036]
932,0.49883622,3.672285795211792,[0.5283036]
933,0.50149554,3.540238618850708,[0.5283036]
934,0.535872,3.6767454147338867,[0.526846]
935,0.48908395,3.509799003601074,[0.5283036]
936,0.5028703,3.6097772121429443,[0.5283036]
937,0.48809686,3.6692490577697754,[0.5283036]
938,0.5028356,3.437020778656006,[0.52842057]
939,0.5043971,3.621843099594116,[0.52842057]
940,0.50313574,3.5469565391540527,[0.5283036]
941,0.50628,3.61586332321167,[0.52842057]
942,0.49547756,3.5300679206848145,[0.5283036]
943,0.5114851,3.558389186859131,[0.5283036]
944,0.4974202,3.639014720916748,[0.5283036]
945,0.508925,3.5770061016082764,[0.52842057]
946,0.52640045,3.550328016281128,[0.5283036]
947,0.50047666,3.5457680225372314,[0.5283036]
948,0.5246836,3.5982463359832764,[0.5283036]
949,0.52078664,3.540255069732666,[0.5283036]
950,0.49488297,3.5287561416625977,[0.5283036]
951,0.5043032,3.663804292678833,[0.5283036]
952,0.51248175,3.5572590827941895,[0.5283036]
953,0.51297176,3.659857988357544,[0.5283036]
954,0.5211995,5.466073274612427,[0.5283036]
955,0.4924673,3.5328450202941895,[0.5289261]
956,0.5128228,3.637441396713257,[0.5289261]
957,0.48129863,3.661970376968384,[0.5289261]
958,0.49124986,3.4407176971435547,[0.5289261]
959,0.5150238,3.6375973224639893,[0.5327849]
960,0.5114997,3.5488433837890625,[0.5289261]
961,0.49636394,3.5654640197753906,[0.5289261]
962,0.5284935,3.5128467082977295,[0.5289261]
963,0.5406057,3.5791714191436768,[0.5289261]
964,0.4922004,3.504990816116333,[0.5289261]
965,0.49105495,3.5776281356811523,[0.5289261]
966,0.5142381,3.5679984092712402,[0.5289261]
967,0.50113297,3.6273837089538574,[0.5289261]
968,0.51109874,3.594249725341797,[0.5289261]
969,0.4742654,3.5699968338012695,[0.5289261]
970,0.5013665,3.5953285694122314,[0.5289261]
971,0.51706535,3.5002214908599854,[0.5289261]
972,0.49998698,3.6562139987945557,[0.5289261]
973,0.4853125,3.647111654281616,[0.5289261]
974,0.45854232,3.605314016342163,[0.5283036]
975,0.524573,3.560211420059204,[0.5289261]
976,0.5002348,3.493173837661743,[0.5289261]
977,0.5287157,3.5935940742492676,[0.5289261]
978,0.48909736,3.5589327812194824,[0.52815497]
979,0.52364373,3.593541383743286,[0.5289261]
980,0.5023012,5.6385416984558105,[0.5213812]
981,0.52779835,3.6642508506774902,[0.5289261]
982,0.49705485,3.625638723373413,[0.5289261]
983,0.5050881,3.6135756969451904,[0.5289261]
984,0.5217318,3.554494619369507,[0.5289261]
985,0.49734938,3.5504565238952637,[0.5289261]
986,0.48150095,3.6000149250030518,[0.52815497]
987,0.53940403,3.540562868118286,[0.5289261]
988,0.51312846,3.5315444469451904,[0.5267464]
989,0.53109986,3.4594032764434814,[0.5289261]
990,0.5419079,3.6122148036956787,[0.5286838]
991,0.500387,3.5484941005706787,[0.5289261]
992,0.5127264,3.5656681060791016,[0.5289261]
993,0.5124022,3.638963222503662,[0.5289261]
994,0.45723903,3.5418734550476074,[0.52815497]
995,0.5166527,3.6099801063537598,[0.5286838]
996,0.5201516,3.5993475914001465,[0.5289261]
997,0.5123291,3.6476359367370605,[0.5289261]
998,0.5071305,3.717416286468506,[0.5289261]
999,0.518326,3.5902700424194336,[0.5289261]
1000,0.5123299,3.6147572994232178,[0.5289261]
1001,0.4795382,3.5536415576934814,[0.5289261]
1002,0.48134944,3.488372564315796,[0.5289261]
1003,0.51782465,5.532275438308716,[0.5289261]
1004,0.50097424,3.62233304977417,[0.5289261]
1005,0.51914835,3.608808994293213,[0.5289261]
1006,0.49461713,3.584488868713379,[0.52815497]
1007,0.48098847,3.555086612701416,[0.52815497]
1008,0.49168605,3.5307979583740234,[0.5289261]
1009,0.524097,3.576873540878296,[0.5289261]
1010,0.5005082,3.458705425262451,[0.52815497]
1011,0.51824105,3.6784660816192627,[0.5289261]
1012,0.49090952,3.5057458877563477,[0.5289261]
1013,0.49850506,3.5711309909820557,[0.52815497]
1014,0.5299914,3.4977834224700928,[0.528657]
1015,0.48078367,3.521488904953003,[0.52815497]
1016,0.5145148,3.552716016769409,[0.5289261]
1017,0.5254061,3.504746913909912,[0.528657]
1018,0.501745,3.5863683223724365,[0.5289261]
1019,0.5090311,3.590202569961548,[0.528657]
1020,0.50597155,3.629528760910034,[0.5289261]
1021,0.49524835,3.5311615467071533,[0.5289261]
1022,0.49058387,3.6027448177337646,[0.52815497]
1023,0.5153457,3.599860668182373,[0.528657]
1024,0.52576655,3.4997639656066895,[0.5289261]
1025,0.50826496,3.5528831481933594,[0.5289261]
1026,0.52995855,3.5293052196502686,[0.5289261]
1027,0.5222431,3.4836316108703613,[0.5289261]
1028,0.5085811,5.449337720870972,[0.5289261]
1029,0.5126579,3.586347818374634,[0.5289261]
1030,0.5096117,3.606722593307495,[0.5267464]
1031,0.52124053,3.4372594356536865,[0.528657]
1032,0.53529656,3.572312116622925,[0.5268478]
1033,0.5024682,3.4175527095794678,[0.5289261]
1034,0.489956,3.6063010692596436,[0.5289261]
1035,0.51960945,3.582498550415039,[0.5289261]
1036,0.5237242,3.5677671432495117,[0.5289261]
1037,0.5306393,3.536613941192627,[0.528657]
1038,0.50529355,3.4875998497009277,[0.5285671]
1039,0.51169354,3.4999308586120605,[0.5289261]
1040,0.4765593,3.5638999938964844,[0.5289261]
1041,0.51363575,3.45265793800354,[0.5289261]
1042,0.52690685,3.4899415969848633,[0.5289261]
1043,0.5018043,3.4776861667633057,[0.5289261]
1044,0.48778,3.6265408992767334,[0.528657]
1045,0.45068064,3.496397018432617,[0.52815497]
1046,0.49044213,3.537876844406128,[0.5289261]
1047,0.51159006,3.4870340824127197,[0.5289261]
1048,0.48623088,3.5617482662200928,[0.5289261]
1049,0.5259169,3.460003137588501,[0.5327849]
1050,0.5152425,3.6133978366851807,[0.5289261]
1051,0.46236134,3.6031930446624756,[0.52815497]
1052,0.48610073,3.538637638092041,[0.5285671]
1053,0.49836454,4.621344327926636,[0.5289261]
1054,0.53407174,3.5116569995880127,[0.5289261]
1055,0.49937275,3.543158769607544,[0.5289261]
1056,0.5219372,3.5839524269104004,[0.528657]
1057,0.50988275,3.550659418106079,[0.5289261]
1058,0.5129837,3.489201784133911,[0.5289261]
1059,0.5202608,3.5015904903411865,[0.528657]
1060,0.5343982,3.4788734912872314,[0.53412825]
1061,0.5277328,3.591099977493286,[0.5289261]
1062,0.5249338,3.5893921852111816,[0.528657]
1063,0.50744414,3.504533529281616,[0.5289261]
1064,0.4980499,3.5161080360412598,[0.5289261]
1065,0.49784547,3.5227270126342773,[0.5289261]
1066,0.52226657,3.5856616497039795,[0.5289261]
1067,0.5201486,3.5653083324432373,[0.5289261]
1068,0.5140259,3.5343260765075684,[0.5281145]
1069,0.5153884,3.5571115016937256,[0.528657]
1070,0.5106764,3.5384998321533203,[0.5311162]
1071,0.4760439,3.6034278869628906,[0.528657]
1072,0.53514344,3.565014123916626,[0.5311162]
1073,0.5153282,3.462991237640381,[0.5289261]
1074,0.50981766,3.4943413734436035,[0.5281145]
1075,0.497893,3.5972070693969727,[0.5311162]
1076,0.48430678,3.516375780105591,[0.5289261]
1077,0.53235525,3.49816632270813,[0.5289261]
1078,0.52223194,5.480552434921265,[0.5289261]
1079,0.502403,3.513563632965088,[0.5311162]
1080,0.5186283,3.511334180831909,[0.5289261]
1081,0.45707586,3.548226833343506,[0.5281145]
1082,0.49097088,3.5201609134674072,[0.5311162]
1083,0.47894448,3.498098373413086,[0.5281145]
1084,0.5152652,3.562985897064209,[0.5289261]
1085,0.49557066,3.475555658340454,[0.5285671]
1086,0.5230716,3.570854902267456,[0.5311162]
1087,0.49150175,3.4539754390716553,[0.5289261]
1088,0.5016859,3.505864381790161,[0.5311162]
1089,0.5039326,3.544862747192383,[0.5274386]
1090,0.53071374,3.470052480697632,[0.5311162]
1091,0.5227518,3.53996205329895,[0.5289261]
1092,0.50755835,3.483391761779785,[0.5274386]
1093,0.52894783,3.5714619159698486,[0.5274386]
1094,0.5087313,3.5639586448669434,[0.5274386]
1095,0.51215863,3.5395424365997314,[0.5274386]
1096,0.50310963,3.5082015991210938,[0.5289261]
1097,0.5114663,3.469180107116699,[0.5274386]
1098,0.51139617,3.486276626586914,[0.5289261]
1099,0.5198322,3.5333263874053955,[0.528657]
1100,0.5405235,3.4652132987976074,[0.5311162]
1101,0.51526624,3.6523079872131348,[0.5311162]
1102,0.50551426,3.6447341442108154,[0.5274386]
1103,0.49195918,3.6133408546447754,[0.5274386]
1104,0.5144588,5.429206132888794,[0.5274386]
1105,0.5408015,3.475350856781006,[0.5289261]
1106,0.5129481,3.616828203201294,[0.5274386]
1107,0.51214075,3.5541539192199707,[0.5289261]
1108,0.52228904,3.599156379699707,[0.5274386]
1109,0.50942004,3.623347520828247,[0.5274386]
1110,0.50435615,3.6777334213256836,[0.5311162]
1111,0.51107377,3.6278209686279297,[0.5274386]
1112,0.51524854,3.501607656478882,[0.5274386]
1113,0.5143071,3.5068604946136475,[0.5274386]
1114,0.5079613,3.5521953105926514,[0.5289261]
1115,0.52170944,3.5396947860717773,[0.5311162]
1116,0.5455141,3.5754897594451904,[0.5311162]
1117,0.51960844,3.5942564010620117,[0.5311162]
1118,0.50355554,3.549943208694458,[0.5274386]
1119,0.5123331,3.5599136352539062,[0.5289261]
1120,0.5205405,3.442695379257202,[0.5274386]
1121,0.49062157,3.4261879920959473,[0.5274386]
1122,0.5076191,3.506739377975464,[0.53750616]
1123,0.50295514,3.4929332733154297,[0.5274386]
1124,0.54014844,3.529090642929077,[0.53750616]
1125,0.51172847,3.524829149246216,[0.53750616]
1126,0.5006391,3.5251212120056152,[0.53750616]
1127,0.52373487,5.5395424365997314,[0.53750616]
1128,0.5024823,3.565654993057251,[0.53750616]
1129,0.51590234,3.575035810470581,[0.53750616]
1130,0.5018595,3.5214335918426514,[0.53750616]
1131,0.5460775,3.6414096355438232,[0.53750616]
1132,0.5041673,3.476532459259033,[0.53750616]
1133,0.5254553,3.5938360691070557,[0.53750616]
1134,0.54191166,3.5059773921966553,[0.53750616]
1135,0.50799525,3.495452880859375,[0.5274386]
1136,0.50911766,3.529000997543335,[0.53750616]
1137,0.49988443,3.474064350128174,[0.53750616]
1138,0.5086503,3.554314613342285,[0.53750616]
1139,0.51332384,3.411257266998291,[0.53750616]
1140,0.52542907,3.4266445636749268,[0.53750616]
1141,0.52118933,3.5873701572418213,[0.53750616]
1142,0.51839125,3.5964596271514893,[0.53750616]
1143,0.5131053,3.5670294761657715,[0.53750616]
1144,0.5013662,3.5292766094207764,[0.5274386]
1145,0.5106972,3.4993033409118652,[0.53750616]
1146,0.517318,3.490692138671875,[0.5274386]
1147,0.54183334,3.50862193107605,[0.53750616]
1148,0.5365542,3.6436431407928467,[0.53750616]
1149,0.50362754,3.3964076042175293,[0.5274386]
1150,0.4879201,3.5174155235290527,[0.53750616]
1151,0.5424973,3.5925021171569824,[0.53750616]
1152,0.5091319,5.490269899368286,[0.53750616]
1153,0.4794368,3.4832441806793213,[0.5274386]
1154,0.49399775,3.623584270477295,[0.53750616]
1155,0.48221883,3.544236421585083,[0.5274386]
1156,0.5072751,3.588834524154663,[0.53750616]
1157,0.49915376,3.3893678188323975,[0.53750616]
1158,0.506117,3.5723178386688232,[0.53750616]
1159,0.5066756,3.4384992122650146,[0.53743875]
1160,0.51131475,3.556095600128174,[0.5274386]
1161,0.5262916,3.577301025390625,[0.53750616]
1162,0.51511014,3.463998317718506,[0.53750616]
1163,0.5166509,3.4202468395233154,[0.53750616]
1164,0.5335892,3.542868137359619,[0.5274386]
1165,0.5102254,3.5884552001953125,[0.53750616]
1166,0.50036293,3.5010695457458496,[0.5274386]
1167,0.5139926,3.5757288932800293,[0.53743875]
1168,0.5183399,3.6450271606445312,[0.53750616]
1169,0.49601382,3.5279293060302734,[0.53750616]
1170,0.52106726,3.462158679962158,[0.53750616]
1171,0.52740204,3.4035637378692627,[0.53750616]
1172,0.50875837,3.337947130203247,[0.53750616]
1173,0.52526027,3.4116926193237305,[0.53750616]
1174,0.5166161,3.492809772491455,[0.53750616]
1175,0.5006817,3.4709784984588623,[0.5274386]
1176,0.5238348,3.5115456581115723,[0.53750616]
1177,0.5248839,3.459226608276367,[0.53750616]
1178,0.5196639,5.438616037368774,[0.53750616]
1179,0.5245224,3.5197134017944336,[0.5274386]
1180,0.5380309,3.6257317066192627,[0.53750616]
1181,0.48844087,3.5648696422576904,[0.53750616]
1182,0.50665617,3.5138099193573,[0.53750616]
1183,0.5179719,3.466003656387329,[0.53750616]
1184,0.5162589,3.5861339569091797,[0.53743875]
1185,0.48346576,3.502263069152832,[0.5274386]
1186,0.55457246,3.5061941146850586,[0.53750616]
1187,0.5219247,3.5427536964416504,[0.53750616]
1188,0.5336065,3.5171313285827637,[0.53750616]
1189,0.5235504,3.55452823638916,[0.53750616]
1190,0.5029781,3.4513003826141357,[0.53750616]
1191,0.49439028,3.547137975692749,[0.5274386]
1192,0.5303273,3.5449259281158447,[0.53750616]
1193,0.51810235,3.6227681636810303,[0.53750616]
1194,0.5027645,3.4865968227386475,[0.53743875]
1195,0.52003556,3.5740582942962646,[0.53750616]
1196,0.53109914,3.5170445442199707,[0.53750616]
1197,0.46683815,3.5324647426605225,[0.53750616]
1198,0.5123079,3.5051071643829346,[0.53750616]
1199,0.49057883,3.3783113956451416,[0.5274386]
1200,0.51938325,3.5104196071624756,[0.5375063]
1201,0.5071018,5.389913558959961,[0.5375063]
1202,0.51291794,3.510953903198242,[0.5375063]
1203,0.50756294,3.4460318088531494,[0.5375063]
1204,0.50357145,3.4694278240203857,[0.5375063]
1205,0.5068493,3.505688190460205,[0.5375063]
1206,0.50845236,3.5232341289520264,[0.5375063]
1207,0.5010619,3.5857863426208496,[0.5274386]
1208,0.5062861,3.541513442993164,[0.5274386]
1209,0.5183288,3.5230414867401123,[0.5375063]
1210,0.5099643,3.4798648357391357,[0.53750616]
1211,0.5308016,3.4656832218170166,[0.5375063]
1212,0.5073665,3.5947961807250977,[0.5375063]
1213,0.5235312,3.488865375518799,[0.5274386]
1214,0.54861706,3.580034017562866,[0.5375063]
1215,0.5033763,3.53769850730896,[0.5375063]
1216,0.51450235,3.514648675918579,[0.5375063]
1217,0.50213,3.4300224781036377,[0.5274386]
1218,0.47241983,3.62981915473938,[0.5274386]
1219,0.48217073,3.4681670665740967,[0.5375063]
1220,0.5099115,3.3966565132141113,[0.5375063]
1221,0.5206307,3.498859167098999,[0.5375063]
1222,0.5018234,3.434705972671509,[0.5274386]
1223,0.5301446,3.5337371826171875,[0.53743875]
1224,0.52028126,3.534423351287842,[0.53750616]
1225,0.5083271,3.4337496757507324,[0.53750616]
1226,0.51501226,5.567413806915283,[0.5375063]
1227,0.5304148,3.480346202850342,[0.5375063]
1228,0.5172389,3.4475953578948975,[0.5375063]
1229,0.5214271,3.4017484188079834,[0.5375063]
1230,0.52633697,3.490793228149414,[0.5375063]
1231,0.5048518,3.4267799854278564,[0.5375063]
1232,0.52064425,3.4543025493621826,[0.5375063]
1233,0.52952516,3.560131788253784,[0.5375063]
1234,0.5334728,3.4373538494110107,[0.5375063]
1235,0.51417166,3.416250705718994,[0.5274386]
1236,0.5268354,3.548501491546631,[0.5375063]
1237,0.518206,3.515207052230835,[0.5375063]
1238,0.51525366,3.5805017948150635,[0.5375063]
1239,0.52215016,3.508450746536255,[0.5375063]
1240,0.51349896,3.540025472640991,[0.5375063]
1241,0.51286155,3.49468731880188,[0.53743875]
1242,0.5055099,3.6081936359405518,[0.5375063]
1243,0.53115183,3.4856784343719482,[0.5274386]
1244,0.51002294,3.587859630584717,[0.5375063]
1245,0.53265184,3.4391510486602783,[0.5375063]
1246,0.49758622,3.436028480529785,[0.53750616]
1247,0.51121217,3.533590316772461,[0.5375063]
1248,0.5114073,3.580866813659668,[0.5375063]
1249,0.51901394,3.5123322010040283,[0.5375063]
1250,0.5170584,3.5145468711853027,[0.5375063]
1251,0.5342801,3.45527720451355,[0.5375063]
1252,0.5043662,5.507181882858276,[0.5375063]
1253,0.49768883,3.5011777877807617,[0.53743875]
1254,0.54707414,3.547830104827881,[0.5371322]
1255,0.5148708,3.461193084716797,[0.5375063]
1256,0.53882897,3.643950939178467,[0.5371322]
1257,0.5387908,3.498779773712158,[0.5371322]
1258,0.48435688,3.545752763748169,[0.53743875]
1259,0.52306056,3.4628100395202637,[0.5375063]
1260,0.5502509,3.501432180404663,[0.5375063]
1261,0.51638484,3.452768087387085,[0.53750616]
1262,0.5124284,3.5257272720336914,[0.53750616]
1263,0.5061588,3.5376386642456055,[0.5375063]
1264,0.54440445,3.487581729888916,[0.5371322]
1265,0.52695835,3.5322647094726562,[0.5375063]
1266,0.47210217,3.5384814739227295,[0.5274386]
1267,0.51685697,3.6505324840545654,[0.5375063]
1268,0.524544,3.5986721515655518,[0.5375063]
1269,0.5239528,3.5972888469696045,[0.5375063]
1270,0.52319527,3.503831148147583,[0.5375063]
1271,0.5182729,3.408703327178955,[0.5274386]
1272,0.5089521,3.565423011779785,[0.5375063]
1273,0.5164365,3.4351866245269775,[0.5371322]
1274,0.5239291,3.5082473754882812,[0.5375063]
1275,0.52569985,5.44045615196228,[0.5375063]
1276,0.50482005,3.5151584148406982,[0.53743875]
1277,0.51053137,3.4924731254577637,[0.5274386]
1278,0.542037,3.499406337738037,[0.53939563]
1279,0.5061861,3.5210044384002686,[0.5375063]
1280,0.4712193,3.5056352615356445,[0.5274386]
1281,0.53816354,3.591895818710327,[0.53939563]
1282,0.5166553,3.651855707168579,[0.5375063]
1283,0.5110597,3.507784128189087,[0.5375063]
1284,0.48589113,3.456228017807007,[0.5375063]
1285,0.4941196,3.650733709335327,[0.5274386]
1286,0.47089547,3.575068950653076,[0.53750616]
1287,0.51310486,3.6121890544891357,[0.53750616]
1288,0.5327171,3.509427309036255,[0.53939563]
1289,0.5210886,3.5961368083953857,[0.53939563]
1290,0.5228085,3.556269645690918,[0.53939563]
1291,0.5088044,3.579085111618042,[0.5375063]
1292,0.5308795,3.55615496635437,[0.53939563]
1293,0.5071716,3.5443975925445557,[0.5375063]
1294,0.5305735,3.655564785003662,[0.53939563]
1295,0.51810116,3.5570151805877686,[0.5375063]
1296,0.49996835,3.5289523601531982,[0.53750616]
1297,0.508435,3.5519649982452393,[0.5375063]
1298,0.52301955,3.5231566429138184,[0.5375063]
1299,0.51596665,3.5191895961761475,[0.53750616]
1300,0.52595687,5.4699177742004395,[0.53939563]
1301,0.5275231,3.6137444972991943,[0.53939563]
1302,0.47191715,3.5170915126800537,[0.5274386]
1303,0.52078474,3.6621387004852295,[0.53939563]
1304,0.48999295,3.5856051445007324,[0.53750616]
1305,0.5000623,3.4853363037109375,[0.5375063]
1306,0.55085045,3.579641580581665,[0.53939563]
1307,0.4884183,3.652841091156006,[0.5375063]
1308,0.49868527,3.5121779441833496,[0.5375063]
1309,0.5062725,3.38897705078125,[0.5375063]
1310,0.5119689,3.5088696479797363,[0.5375063]
1311,0.5126259,3.5000877380371094,[0.53939563]
1312,0.5090462,3.532986640930176,[0.5375063]
1313,0.49971223,3.5167360305786133,[0.5375063]
1314,0.53475946,3.4140090942382812,[0.53939563]
1315,0.5494395,3.5930917263031006,[0.53939563]
1316,0.5243805,3.519901752471924,[0.5375063]
1317,0.50954646,3.5172834396362305,[0.5375063]
1318,0.50659436,3.547403573989868,[0.5375063]
1319,0.4974249,3.5760385990142822,[0.5274386]
1320,0.5313494,3.5805721282958984,[0.53939563]
1321,0.5298697,3.577383041381836,[0.53939563]
1322,0.5020819,3.6303391456604004,[0.5375063]
1323,0.53673536,3.434770345687866,[0.5375063]
1324,0.53522635,3.513643264770508,[0.5375063]
1325,0.5092282,3.4875190258026123,[0.5375063]
1326,0.50298333,5.431348562240601,[0.5375063]
1327,0.48718363,3.571110963821411,[0.53750616]
1328,0.510396,3.473851203918457,[0.53750616]
1329,0.5163831,3.459164619445801,[0.53939563]
1330,0.5232513,3.5408875942230225,[0.5375063]
1331,0.49963996,3.3665082454681396,[0.5375063]
1332,0.50596154,3.5297586917877197,[0.53750616]
1333,0.4931769,3.46537709236145,[0.5371322]
1334,0.52105814,3.4516117572784424,[0.53743875]
1335,0.52942026,3.4793217182159424,[0.53939563]
1336,0.5398498,3.3455541133880615,[0.53939563]
1337,0.51659614,3.6237223148345947,[0.53939563]
1338,0.5402363,3.552764415740967,[0.540048]
1339,0.5266555,3.6063332557678223,[0.54163533]
1340,0.54397416,3.520237445831299,[0.54163533]
1341,0.5244363,3.452847480773926,[0.53939563]
1342,0.53233427,3.4971394538879395,[0.54163533]
1343,0.5264647,3.489333391189575,[0.54163533]
1344,0.52184427,3.557920217514038,[0.54163533]
1345,0.5076574,3.511291265487671,[0.54163533]
1346,0.5266212,3.523031711578369,[0.54163533]
1347,0.53036773,3.519665002822876,[0.53939563]
1348,0.52188087,3.6167125701904297,[0.54163533]
1349,0.51824754,5.436683416366577,[0.54163533]
1350,0.5223645,3.4917080402374268,[0.54163533]
1351,0.55536073,3.5104570388793945,[0.54163533]
1352,0.5057477,3.5348258018493652,[0.54163533]
1353,0.52059877,3.4101920127868652,[0.54163533]
1354,0.5154515,3.440730571746826,[0.54163533]
1355,0.5024329,3.5551114082336426,[0.54163533]
1356,0.5283246,3.549057722091675,[0.54163533]
1357,0.51588637,3.436974048614502,[0.54163533]
1358,0.5192553,3.60479998588562,[0.54308]
1359,0.53240305,3.490224599838257,[0.54163533]
1360,0.51831174,3.5310254096984863,[0.54308]
1361,0.5143438,3.463160276412964,[0.54163533]
1362,0.52339655,3.5592920780181885,[0.54163533]
1363,0.49465933,3.5072526931762695,[0.54163533]
1364,0.51578784,3.5634238719940186,[0.54308]
1365,0.5147145,3.600365400314331,[0.54163533]
1366,0.49541327,3.578902006149292,[0.54163533]
1367,0.53719074,3.5514795780181885,[0.53939563]
1368,0.5483795,3.5513150691986084,[0.54308]
1369,0.5252566,3.4739949703216553,[0.54308]
1370,0.5275876,3.519707202911377,[0.54308]
1371,0.47790393,3.5032169818878174,[0.54163533]
1372,0.5523113,3.6428065299987793,[0.54163533]
1373,0.49381456,3.6730477809906006,[0.54163533]
1374,0.5295772,5.553697824478149,[0.54308]
1375,0.5435711,3.535233736038208,[0.53939563]
1376,0.5241959,3.5613839626312256,[0.5375063]
1377,0.5221094,3.3948922157287598,[0.54163533]
1378,0.52935004,3.519986391067505,[0.54163533]
1379,0.53100985,3.568657398223877,[0.54163533]
1380,0.51818484,3.518900156021118,[0.54163533]
1381,0.5062293,3.5403199195861816,[0.54163533]
1382,0.51744676,3.6653335094451904,[0.54163533]
1383,0.50490713,3.6240334510803223,[0.5375063]
1384,0.5580714,3.401426315307617,[0.54308]
1385,0.521251,3.5430781841278076,[0.54163533]
1386,0.52627593,3.538393259048462,[0.54308]
1387,0.53815216,3.5669190883636475,[0.54163533]
1388,0.5199771,3.431393623352051,[0.54308]
1389,0.5341942,3.5253050327301025,[0.54308]
1390,0.5428698,3.475710868835449,[0.53939563]
1391,0.50970244,3.44592022895813,[0.54163533]
1392,0.5200492,3.5032601356506348,[0.54308]
1393,0.5482418,3.4570579528808594,[0.54163533]
1394,0.51037115,3.4630866050720215,[0.54308]
1395,0.53180027,3.633878469467163,[0.54163533]
1396,0.535121,3.5704307556152344,[0.54163533]
1397,0.55110997,3.665156364440918,[0.54163533]
1398,0.5071808,3.7190091609954834,[0.54163533]
1399,0.52384454,3.6935982704162598,[0.54163533]
1400,0.50019336,5.544342279434204,[0.54308]
1401,0.5191752,3.550679922103882,[0.54163533]
1402,0.48352963,3.5851359367370605,[0.54163533]
1403,0.51436406,3.604696273803711,[0.54163533]
1404,0.5249036,3.6463067531585693,[0.53939563]
1405,0.50865257,3.54699444770813,[0.54163533]
1406,0.5184171,3.5193636417388916,[0.54163533]
1407,0.5154758,3.5784575939178467,[0.54163533]
1408,0.5348833,3.545978307723999,[0.53939563]
1409,0.5246635,3.528538465499878,[0.54163533]
1410,0.52277744,3.616982936859131,[0.54163533]
1411,0.5433266,3.5907914638519287,[0.54308]
1412,0.53582007,3.546705961227417,[0.54163533]
1413,0.50461304,3.712392568588257,[0.53517985]
1414,0.5413651,3.574586868286133,[0.53939563]
1415,0.50143796,3.570024251937866,[0.54163533]
1416,0.5219184,3.5113370418548584,[0.54163533]
1417,0.51590794,3.5545918941497803,[0.54308]
1418,0.53468823,3.577052593231201,[0.53517985]
1419,0.5170162,3.588545560836792,[0.54163533]
1420,0.5437246,3.6593618392944336,[0.54163533]
1421,0.5144435,3.50744366645813,[0.54163533]
1422,0.5162363,3.744901180267334,[0.5416476]
1423,0.50877655,5.607728719711304,[0.5416476]
1424,0.52816737,3.5935137271881104,[0.5416476]
1425,0.4995751,3.5144550800323486,[0.5416476]
1426,0.53473103,3.5311503410339355,[0.54254246]
1427,0.5091533,3.631558656692505,[0.5416476]
1428,0.54587036,3.624459743499756,[0.53517985]
1429,0.5477962,3.5673561096191406,[0.53517985]
1430,0.51068693,3.4963269233703613,[0.54308]
1431,0.5320411,3.621480703353882,[0.54254246]
1432,0.51740813,3.6414847373962402,[0.53517985]
1433,0.53208303,3.5474202632904053,[0.53939563]
1434,0.51419145,3.543562889099121,[0.54308]
1435,0.5066903,3.4527740478515625,[0.54254246]
1436,0.50212604,3.594304323196411,[0.54254246]
1437,0.51927876,3.6193456649780273,[0.53939563]
1438,0.5075984,3.5522687435150146,[0.54254246]
1439,0.5229697,3.6634764671325684,[0.54254246]
1440,0.5138149,3.6085331439971924,[0.53517985]
1441,0.5144466,3.586925506591797,[0.54254246]
1442,0.5174037,3.694474220275879,[0.53517985]
1443,0.52428424,3.5769612789154053,[0.54254246]
1444,0.50792605,3.649811029434204,[0.5416476]
1445,0.52531374,3.595743417739868,[0.53517985]
1446,0.5137462,3.499863862991333,[0.53517985]
1447,0.5064758,3.6444106101989746,[0.54254246]
1448,0.5271809,5.6854424476623535,[0.53517985]
1449,0.54171777,3.6544840335845947,[0.54254246]
1450,0.5440277,3.5906524658203125,[0.53517985]
1451,0.5459625,3.6070756912231445,[0.53517985]
1452,0.520336,3.5883259773254395,[0.54254246]
1453,0.47487172,3.49223256111145,[0.5420994]
1454,0.5133083,3.5153250694274902,[0.53517985]
1455,0.520718,3.497936725616455,[0.54254246]
1456,0.49897105,3.6374762058258057,[0.54254246]
1457,0.5192869,3.609360933303833,[0.54254246]
1458,0.5247731,3.5877413749694824,[0.54254246]
1459,0.5128076,3.555393695831299,[0.54254246]
1460,0.4930406,3.614819049835205,[0.54254246]
1461,0.5231759,3.577359676361084,[0.54254246]
1462,0.50517976,3.694974660873413,[0.54254246]
1463,0.5586316,3.574671983718872,[0.53517985]
1464,0.5071304,3.52866530418396,[0.54254246]
1465,0.52122355,3.530789375305176,[0.54254246]
1466,0.50928646,3.5618321895599365,[0.5420994]
1467,0.52205837,3.5941877365112305,[0.54308]
1468,0.5383247,3.4936585426330566,[0.5425425]
1469,0.5314254,3.661978244781494,[0.5425425]
1470,0.5436438,3.6182737350463867,[0.5425425]
1471,0.48945764,3.6577606201171875,[0.5425425]
1472,0.51143825,3.527827739715576,[0.5425425]
1473,0.51780254,3.6414403915405273,[0.54308]
1474,0.5517533,5.428603410720825,[0.53517985]
1475,0.47712865,3.589655637741089,[0.5420994]
1476,0.49778578,3.602933406829834,[0.5425425]
1477,0.4982189,3.5492615699768066,[0.55364764]
1478,0.5165088,3.551208257675171,[0.55364764]
1479,0.5183897,3.5846142768859863,[0.55364764]
1480,0.53226477,3.68650221824646,[0.55364764]
1481,0.50170344,3.5990242958068848,[0.55364764]
1482,0.5392225,3.596158504486084,[0.55364764]
1483,0.5324357,3.5909640789031982,[0.55364764]
1484,0.53475213,3.532036781311035,[0.55364764]
1485,0.53269637,3.5126445293426514,[0.55364764]
1486,0.52511704,3.6491739749908447,[0.55364764]
1487,0.54235905,3.5422699451446533,[0.55364764]
1488,0.52461994,3.57023286819458,[0.55364764]
1489,0.51859164,3.5316920280456543,[0.55364764]
1490,0.5353187,3.5672547817230225,[0.55364764]
1491,0.51168144,3.5089473724365234,[0.55364764]
1492,0.54670423,3.5460896492004395,[0.55364764]
1493,0.53043795,3.560246706008911,[0.55364764]
1494,0.531135,3.5594608783721924,[0.55364764]
1495,0.5416966,3.6199193000793457,[0.55364764]
1496,0.51324785,3.648207426071167,[0.55364764]
1497,0.51068217,5.544973373413086,[0.55364764]
1498,0.5415943,3.508636236190796,[0.55364764]
1499,0.5163282,3.6257972717285156,[0.55364764]
